date,season,neutral,playoff,team1,team2,elo1_pre,elo2_pre,elo_prob1,elo_prob2,elo1_post,elo2_post,qbelo1_pre,qbelo2_pre,qb1,qb2,qb1_value_pre,qb2_value_pre,qb1_adj,qb2_adj,qbelo_prob1,qbelo_prob2,qb1_game_value,qb2_game_value,qb1_value_post,qb2_value_post,qbelo1_post,qbelo2_post,score1,score2,quality,importance,total_rating
2022-09-08,2022,0,,LAR,BUF,1614.76143599795,1614.24676177117,0.5931813787758958,0.40681862122410417,1576.96490149067,1652.04329627845,1582.71223642666,1613.25288918457,Matthew Stafford,Josh Allen,200.2836903491843,259.6063353546521,5.938707860551617,9.144750317068441,0.534145229764987,0.465854770235013,-47.5024361297541,402.1494201135081,175.50507770129047,273.8606438305377,1549.33034693542,1646.63477867581,10,31,91,59,75
2022-09-11,2022,0,,ATL,NO,1436.67170851276,1543.81503771998,0.4396465826911515,0.5603534173088485,1430.6914705183,1549.79527571444,1379.24462793033,1516.08500906595,Marcus Mariota,Jameis Winston,111.53247017396977,151.06922636030774,-12.435739409118641,3.305973990349124,0.357017052673675,0.642982947326325,314.3912959659701,151.83252958772778,131.81835275316982,151.14555668304973,1374.51504051891,1520.81459647737,26,27,19,54,37
2022-09-11,2022,0,,CIN,PIT,1558.19328503614,1510.14351011963,0.6571832421460169,0.34281675785398313,1538.98526841849,1529.35152673728,1550.25112575694,1473.26120029972,Joe Burrow,Mitch Trubisky,173.65012566931028,168.2780694966251,3.7427513420444467,3.3467564630662783,0.675155406851924,0.324844593148076,23.319530122991846,111.57543287486673,158.61706611467844,162.60780583444927,1530.38415296829,1493.12817308837,20,23,56,75,66
2022-09-11,2022,0,,MIA,NE,1539.979483061,1537.002980919,0.596596619736076,0.40340338026392397,1560.63340273113,1516.34906124887,1518.3807744429,1513.69295929324,Tua Tagovailoa,Mac Jones,139.17647157738259,143.53664204321706,-0.5386741705870797,0.1490076408644967,0.582122815309695,0.417877184690305,179.5618019139407,122.14855476353144,143.2150046110384,141.39783331524848,1539.87420725679,1492.19952647935,20,7,56,85,71
2022-09-11,2022,0,,NYJ,BAL,1364.98338141478,1508.98821889838,0.3882228854211141,0.611777114578886,1344.20201906322,1529.76958124994,1391.09463664916,1546.00671130851,Joe Flacco,Lamar Jackson,110.24237276021012,162.7129343543091,19.852513677280008,-3.618196122654303,0.384030838612477,0.615969161387523,116.17680299510107,112.20714601084363,110.8358157836992,157.66235551996257,1370.56534769723,1566.53600026044,9,24,34,51,43
2022-09-11,2022,0,,DET,PHI,1406.13562557821,1502.21279354112,0.4553952549119382,0.5446047450880618,1393.68526175694,1514.66315736239,1412.4267934374,1532.60381138675,Jared Goff,Jalen Hurts,155.55500503284225,157.96689302101785,1.969274023783444,0.63507977857533,0.402830224809142,0.597169775190858,119.75532190544999,258.10087453045924,151.97503672010302,167.98029117196197,1401.59469996716,1543.43590485699,35,38,33,64,49
2022-09-11,2022,0,,WSH,JAX,1465.28936483139,1351.45583260408,0.7368089744164439,0.2631910255835561,1474.76225461495,1341.98294282052,1480.76751500582,1397.9037557389,Carson Wentz,Trevor Lawrence,124.46551666801427,107.34721718780565,-3.807755567211083,-4.067562205120586,0.684329285790453,0.315670714209547,238.0096231606668,81.26665733709501,135.81992731727954,104.73916120273456,1492.34547870265,1386.32579204207,28,22,18,41,30
2022-09-11,2022,0,,CAR,CLE,1411.40119899043,1502.03875043257,0.46317141828332503,0.5368285817166749,1401.34151262844,1512.09843679456,1416.66449235436,1487.83588672495,Baker Mayfield,Jacoby Brissett,90.51579537901989,117.77204693098777,-7.263887853602821,-77.0298655155569,0.570080857866616,0.429919142133384,90.30934243672671,73.18020697603275,90.49515008479058,113.31286293549225,1403.85307471063,1500.64730436868,24,26,10,48,29
2022-09-11,2022,0,,CHI,SF,1444.50838698149,1576.15210479743,0.4052511835666746,0.5947488164333254,1472.75319066956,1547.90730110936,1412.47967018654,1563.0091059397,Justin Fields,Trey Lance,111.23836878613633,119.82545972588234,-2.072400384357278,-7.6746208048511155,0.374891278536016,0.625108721463984,40.61000909066673,19.89750196902141,104.17553281658937,109.83266395019625,1442.47811072148,1533.01066540476,19,10,37,59,48
2022-09-11,2022,0,,HOU,IND,1409.74187854811,1542.90415000834,0.40314604156244493,0.5968539584375551,1412.69577666966,1539.95025188679,1371.55869866541,1545.50150625399,Davis Mills,Matt Ryan,134.59244880604578,118.4347207943965,-8.048067601616774,-6.6340794729551105,0.329787483362109,0.67021251663789,144.69426376298253,184.0287799683808,135.60263030173945,124.99412671179493,1376.74992100957,1540.31028390983,20,20,21,51,36
2022-09-11,2022,0,,MIN,GB,1513.63356703665,1589.40352505295,0.4845057470175882,0.5154942529824118,1542.98737061431,1560.04972147529,1526.6592102796,1591.07824034508,Kirk Cousins,Aaron Rodgers,191.17377361341929,248.1146794150794,2.46142994083899,11.518811324517408,0.465846848621898,0.534153151378102,286.5916258573493,-15.85786051325487,200.71555883781227,221.71742542224595,1557.25719111153,1560.48025951315,23,7,79,93,86
2022-09-11,2022,0,,ARI,KC,1501.69003139828,1628.56799982369,0.4118801803967115,0.5881198196032885,1476.22667495643,1654.03135626554,1497.99441266337,1590.28885810222,Kyler Murray,Patrick Mahomes,187.7730676838445,259.40384562862505,-0.3398636570323639,9.404347839986544,0.429777091775335,0.570222908224665,177.22683567660027,491.3088204962915,186.7184444831201,282.59434311539167,1471.27392051646,1617.00935024913,21,44,72,64,68
2022-09-11,2022,0,,LAC,OAK,1505.25930678851,1492.96218336345,0.6094397891685934,0.3905602108314066,1518.78005370816,1479.4414364438,1543.48706976483,1500.82709643146,Justin Herbert,Derek Carr,216.82217673489347,146.44680152889367,5.143515287885009,-5.845621560409305,0.644370148258628,0.355629851741372,328.72170518646294,-16.4338539410463,228.01212958005044,130.15873598189967,1555.65981669693,1488.65434949936,24,19,59,79,69
2022-09-11,2022,0,,TEN,NYG,1556.04774903101,1385.81220250325,0.7948031410811032,0.20519685891889683,1543.71024748667,1398.14970404759,1527.28269090643,1426.39442940175,Ryan Tannehill,Daniel Jones,141.52935964055328,126.88449597750399,-6.102475594290238,8.807214443338742,0.688387741332109,0.311612258667891,228.30831429915628,98.32903991486103,150.20725510641358,124.0289503712397,1517.10247993798,1436.5746403702,20,21,36,50,43
2022-09-11,2022,0,,DAL,TB,1561.77392100893,1610.01527758529,0.5240989396276609,0.47590106037233915,1531.84827828739,1639.94092030683,1555.06328100287,1595.98478394211,Dak Prescott,Tom Brady,198.65704456924655,238.11224882537795,1.5142204415784462,9.346143194306832,0.505245765174673,0.494754234825327,-45.52646123122383,109.25648338793694,174.2386939891995,225.22667228163388,1526.38638426966,1624.66168067532,3,19,84,67,76
2022-09-12,2022,0,,SEA,DEN,1526.98570880834,1447.13549014476,0.6971630738261755,0.3028369261738245,1530.92458073907,1443.19661821403,1433.30832623957,1519.42878538183,Geno Smith,Russell Wilson,132.11496129317538,164.0861534073191,-10.410549131020515,7.18544125218446,0.427179766155465,0.572820233844535,232.95534926491638,243.48673952005885,142.1990000903495,172.02621201859307,1441.43761610135,1511.29949552005,17,16,34,60,47
2022-09-15,2022,0,,KC,LAC,1654.03135626554,1518.78005370816,0.7600108800577915,0.2399891199422085,1660.13013633389,1512.68127363981,1617.00935024913,1555.65981669693,Patrick Mahomes,Justin Herbert,282.5943431153918,228.01212958005044,20.52937919137051,10.481315946069252,0.673203411741467,0.326796588258533,225.58412977163115,248.19178490839525,276.8933217810157,230.03009511288494,1625.58092129609,1547.08824564997,27,24,90,92,91
2022-09-18,2022,0,,NO,TB,1549.79527571444,1639.94092030683,0.463875561422973,0.536124438577027,1527.80017583472,1661.93602018655,1520.81459647737,1624.66168067532,Jameis Winston,Tom Brady,151.1455566830497,225.22667228163397,3.1788404522027918,2.436047762719524,0.424998504346616,0.575001495653384,-89.15384715403748,102.9480221832965,127.11561629934101,212.99880727180022,1500.90772305067,1644.56855410202,10,20,82,93,88
2022-09-18,2022,0,,PIT,NE,1529.35152673728,1516.34906124887,0.6104057972244826,0.3895942027755174,1511.8053739069,1533.89521407925,1493.12817308837,1492.19952647935,Mitch Trubisky,Mac Jones,162.60780583444915,141.3978333152484,0.3442868088247586,-0.9278471051632173,0.575340700255205,0.424659299744795,57.69000283386879,159.72984463246732,152.1160255343911,143.23103444697028,1476.78443535538,1508.54326421234,14,17,45,74,60
2022-09-18,2022,0,,NYG,CAR,1398.14970404759,1401.34151262844,0.5880225179755282,0.4119774820244718,1409.26000541879,1390.23121125724,1436.5746403702,1403.85307471063,Daniel Jones,Baker Mayfield,124.02895037123974,90.49515008479044,6.939080918039813,-6.911016108037466,0.636591309453944,0.363408690546056,92.58748764285602,77.92918959982332,120.88480409840137,89.23855403629373,1446.22335455338,1394.20436052745,19,16,13,53,33
2022-09-18,2022,0,,JAX,IND,1341.98294282052,1539.95025188679,0.31747038941784744,0.6825296105821526,1388.74903181728,1493.18416289003,1386.32579204207,1540.31028390983,Trevor Lawrence,Matt Ryan,104.73916120273451,124.99412671179489,-5.1682120874000175,-3.0226725406082613,0.353794067798617,0.646205932201383,316.6158415904583,-199.62456698174165,125.92682924150688,92.53225734244123,1430.00461050125,1496.63146545065,24,0,26,60,43
2022-09-18,2022,0,,DET,WSH,1393.68526175694,1474.76225461495,0.4768798468540971,0.5231201531459029,1417.95317832347,1450.49433804842,1401.59469996716,1492.34547870265,Jared Goff,Carson Wentz,151.97503672010316,135.8199273172797,0.08082616622486966,2.0598375357822967,0.439220090182892,0.560779909817108,201.90961548586517,189.06212181956118,156.96849459667936,141.14414676750783,1427.92760391256,1466.01257475725,36,27,21,63,42
2022-09-18,2022,0,,BAL,MIA,1529.76958124994,1560.63340273113,0.5489684402070089,0.45103155979299114,1511.82046232936,1578.58252165171,1566.53600026044,1539.87420725679,Lamar Jackson,Tua Tagovailoa,157.6623555199625,143.21500461103835,-5.962575733694912,1.5075260547702192,0.601674352828873,0.398325647171127,637.0774180409792,473.0042538609696,205.60386177206416,176.19392953603148,1546.51686973589,1559.89333778134,38,42,74,78,76
2022-09-18,2022,0,,CLE,NYJ,1512.09843679456,1344.20201906322,0.7925983831413874,0.20740161685861258,1499.8097891911,1356.49066666668,1500.64730436868,1370.56534769723,Jacoby Brissett,Joe Flacco,113.3128629354922,110.83581578369916,-75.40796423752681,19.156609505160603,0.621018048932577,0.378981951067423,211.17307972592633,318.08016633051545,123.09888461453562,131.5602508383808,1491.68880812108,1379.52384394483,30,31,9,38,24
2022-09-18,2022,0,,LAR,ATL,1576.96490149067,1430.6914705183,0.771391947654175,0.22860805234582504,1583.67875663439,1423.97761537458,1549.33034693542,1374.51504051891,Matthew Stafford,Marcus Mariota,175.50507770129036,131.8183527531697,-6.747533856423028,-1.6710111490627504,0.786169520608555,0.213830479391445,201.29719412396648,68.83824012345754,178.08428934355797,125.5203414901985,1555.57162797895,1368.27375947538,31,27,24,31,28
2022-09-18,2022,0,,SF,SEA,1547.90730110936,1530.92458073907,0.6158405719244223,0.3841594280755777,1570.45857087663,1508.3733109718,1533.01066540476,1441.43761610135,Trey Lance,Geno Smith,109.8326639501962,142.1990000903495,-12.287287652451582,-4.84800227588259,0.685737183537579,0.314262816462421,18.098693559680907,104.8757996517584,100.65926691114468,138.4666800464904,1551.03571427242,1423.41256723369,27,7,36,77,57
2022-09-18,2022,0,,DAL,CIN,1531.84827828739,1538.98526841849,0.5825101213853225,0.41748987861467746,1543.12691207908,1527.7066346268,1526.38638426966,1530.38415296829,Cooper Rush,Joe Burrow,17.02257642959844,158.61706611467835,-167.98678343012506,-3.9609160023737693,0.338962264548264,0.661037735451736,160.7429522467484,100.12995023416505,31.394614011313433,152.768354526627,1545.73468878877,1511.03584844918,20,17,19,53,36
2022-09-18,2022,0,,OAK,ARI,1479.4414364438,1476.22667495643,0.5969266610907689,0.40307333890923114,1455.46674725315,1500.20136414708,1488.65434949936,1471.27392051646,Derek Carr,Kyler Murray,130.15873598189978,186.7184444831201,-13.697373255885665,-0.850182074543008,0.577348588726415,0.422651411273585,218.54967048710233,225.79191094276476,138.99782943242005,190.62579112908455,1465.61762397948,1494.31064603634,23,29,34,51,43
2022-09-18,2022,0,,DEN,HOU,1443.19661821403,1412.69577666966,0.6340768992690469,0.36592310073095313,1457.78179720842,1398.11059767527,1511.29949552005,1376.74992100957,Russell Wilson,Davis Mills,172.02621201859301,135.60263030173957,10.796198495212007,-7.1405734736889315,0.764648853184904,0.235351146815096,-23.866368014413318,-20.616127182704428,152.43695401529237,119.9807545532952,1520.25427956387,1367.79513696575,16,9,20,33,27
2022-09-18,2022,0,,GB,CHI,1560.04972147529,1472.75319066956,0.70613569405987,0.29386430594013,1575.93742589285,1456.865486252,1560.48025951315,1442.47811072148,Aaron Rodgers,Justin Fields,221.71742542224595,104.17553281658952,-2.2557562381252536,-5.500198349912633,0.727584067740743,0.272415932259257,204.6589178861954,-10.251664419893126,220.01157466864092,92.73281309294127,1575.09427501588,1427.86409521875,27,10,46,67,57
2022-09-19,2022,0,,BUF,TEN,1652.04329627845,1543.71024748667,0.7306229067622005,0.26937709323779946,1669.7989544557,1525.95458930942,1646.63477867581,1517.10247993798,Josh Allen,Ryan Tannehill,273.8606438305376,150.20725510641344,15.814667039157666,-1.45840408164562,0.757619178448569,0.242380821551431,388.0688789347425,-44.50102330764123,285.28146734095805,130.736427265008,1662.44679669868,1501.29046191511,41,7,86,42,64
2022-09-19,2022,0,,PHI,MIN,1514.66315736239,1542.98737061431,0.5525855210291255,0.4474144789708745,1540.10293902281,1517.54758895389,1543.43590485699,1557.25719111153,Jalen Hurts,Kirk Cousins,167.98029117196205,200.71555883781235,5.610024865118869,7.109251055993457,0.553471873160305,0.446528126839695,401.6913235280319,-1.4361531741974998,191.35139440756905,180.50038763661138,1568.81822004637,1531.87487592215,24,7,76,66,71
2022-09-22,2022,0,,CLE,PIT,1499.8097891911,1511.8053739069,0.5756931608708925,0.4243068391291075,1521.06421908406,1490.55094401394,1491.68880812108,1476.78443535538,Jacoby Brissett,Mitch Trubisky,123.0988846145355,152.11602553439093,-66.7445551861288,-4.918817681645673,0.503186808331149,0.496813191668851,222.9896434164689,184.00244902961458,133.08796049472886,155.3046678839133,1517.14919402756,1451.3240494489,29,17,22,81,52
2022-09-25,2022,0,,CHI,HOU,1456.865486252,1398.11059767527,0.6709291364122651,0.32907086358773485,1465.50336786899,1389.47271605828,1427.86409521875,1367.79513696575,Justin Fields,Davis Mills,92.73281309294111,119.98075455329534,-10.946548294241335,-14.594482674226612,0.661240676027523,0.338759323972477,-132.2667585980677,91.76226300751058,70.23285592384023,117.15890539871687,1436.78534523802,1358.87388694648,23,20,4,28,16
2022-09-25,2022,0,,NYJ,CIN,1356.49066666668,1527.7066346268,0.3517334611235412,0.6482665388764588,1337.88471709035,1546.31258420313,1379.52384394483,1511.03584844918,Joe Flacco,Joe Burrow,131.56025083838077,152.76835452662715,28.560996557243364,-6.687225996280516,0.435142699359458,0.564857300640542,-58.85790434996405,196.95071675525497,112.51843531954626,157.18659074948994,1355.88147226792,1534.67822012609,12,27,25,36,31
2022-09-25,2022,0,,NE,BAL,1533.89521407925,1511.82046232936,0.6227512937472273,0.37724870625277274,1501.67018926106,1544.04548714755,1508.54326421234,1546.51686973589,Mac Jones,Lamar Jackson,143.23103444697034,205.60386177206433,0.03514581595601598,18.30630617904098,0.491078673453107,0.508921326546893,93.58033218354744,387.74179370780035,138.26596422062806,223.81765496563798,1484.20615551106,1570.85397843717,26,37,67,85,76
2022-09-25,2022,0,,WSH,PHI,1450.49433804842,1540.10293902281,0.4646444802815264,0.5353555197184736,1424.45684749266,1566.14042957857,1466.01257475725,1568.81822004637,Carson Wentz,Jalen Hurts,141.14414676750795,191.3513944075691,4.618955384107354,17.01507523966635,0.406049293679614,0.593950706320386,-84.88805449986279,253.1604257271969,118.54092664077086,197.5322975395319,1443.67491608608,1591.15587871754,8,24,62,83,73
2022-09-25,2022,0,,CAR,NO,1390.23121125724,1527.80017583472,0.39705754525506537,0.6029424547449347,1417.6310179546,1500.40036913736,1394.20436052745,1500.90772305067,Baker Mayfield,Jameis Winston,89.23855403629385,127.1156162993409,-7.193763326883877,-8.995071762261743,0.42343261240377,0.57656738759623,41.006912089756796,155.57440427633807,84.41538984164013,129.96149509704063,1420.17435527919,1474.93772829893,22,14,19,55,37
2022-09-25,2022,0,,IND,KC,1493.18416289003,1660.13013633389,0.35735835061988686,0.6426416493801131,1511.86775314706,1641.44654607686,1496.63146545065,1625.58092129609,Matt Ryan,Patrick Mahomes,92.53225734244107,276.8933217810157,-19.102473598254758,16.6523995646141,0.341278239177405,0.658721760822595,108.6984866786006,144.9913405265602,94.14888027605703,263.70312365557015,1515.89541182902,1606.31697491772,20,17,75,54,65
2022-09-25,2022,0,,MIA,BUF,1578.58252165171,1669.7989544557,0.4623429632336678,0.5376570367663323,1590.53852868486,1657.84294742255,1559.89333778134,1662.44679669868,Tua Tagovailoa,Josh Allen,176.19392953603153,285.281467340958,17.92161221452834,20.73434544241006,0.425686104172103,0.574313895827897,202.88031887336598,342.50983815455544,178.862568469765,291.0043044223177,1572.81793497571,1649.52219950431,21,19,95,96,96
2022-09-25,2022,0,,TEN,OAK,1525.95458930942,1455.46674725315,0.685665180919437,0.31433481908056304,1532.46055860042,1448.96077796215,1501.29046191511,1465.61762397948,Ryan Tannehill,Derek Carr,130.73642726500785,138.99782943241996,-11.12089779826608,-8.59295786783149,0.624203467490922,0.375796532509078,179.15860641125138,212.87172600363056,135.5786451796322,146.385219089541,1509.22945689149,1457.6786290031,24,22,34,49,42
2022-09-25,2022,0,,MIN,DET,1517.54758895389,1417.95317832347,0.7206084236601107,0.2793915763398893,1525.91485452282,1409.58591275454,1531.87487592215,1427.92760391256,Kirk Cousins,Jared Goff,180.50038763661135,156.96849459667925,-3.353797097406698,2.573513796201474,0.702021711012096,0.297978288987904,170.6653067442081,177.63304836725612,179.51687954737102,159.03494997373693,1540.8585340472,1418.94394578751,28,24,36,71,54
2022-09-25,2022,0,,LAC,JAX,1512.68127363981,1388.74903181728,0.7479260116164659,0.2520739883835341,1457.57946132553,1443.85084413156,1547.08824564997,1430.00461050125,Justin Herbert,Trevor Lawrence,230.03009511288508,125.92682924150702,10.966232915183333,5.68403253635645,0.737725172124327,0.262274827875673,132.73295238297038,337.6912142986734,220.30038083989365,147.10326774722367,1492.9875242115,1484.10533193972,10,38,46,55,51
2022-09-25,2022,0,,SEA,ATL,1508.3733109718,1423.97761537458,0.7026587226074313,0.29734127739256866,1484.10779775186,1448.24312859452,1423.41256723369,1368.27375947538,Geno Smith,Marcus Mariota,138.46668004649038,125.5203414901986,-6.471762184017911,-4.736466223095086,0.654259681041824,0.345740318958176,210.66862543339303,99.00004989732197,145.68687458518065,122.86831233091092,1401.23586040927,1390.4504662998,23,27,5,26,16
2022-09-25,2022,0,,TB,GB,1661.93602018655,1575.93742589285,0.7045829083710858,0.29541709162891416,1645.31387862427,1592.55956745513,1644.56855410202,1575.09427501588,Tom Brady,Aaron Rodgers,212.9988072718001,220.01157466864092,-3.7996871303334854,-2.9958938030214837,0.668800881108529,0.331199118891471,213.96720981672664,252.8601362192895,213.09564752629274,223.29643082370578,1629.01012363888,1590.65270547902,12,14,91,66,79
2022-09-25,2022,0,,ARI,LAR,1500.20136414708,1583.67875663439,0.4734339359874886,0.5265660640125114,1479.56983097462,1604.31028980685,1494.31064603634,1555.57162797895,Kyler Murray,Matthew Stafford,190.6257911290844,178.08428934355786,1.1460003521663344,-5.120551342468323,0.492929088056307,0.507070911943693,206.60261913290967,134.65847797837213,192.22347392946696,173.74170820703927,1472.6974010801,1577.18487293519,12,20,60,88,74
2022-09-25,2022,0,,DEN,SF,1457.78179720842,1570.45857087663,0.4318150596958398,0.5681849403041602,1465.83299255026,1562.40737553479,1520.25427956387,1551.03571427242,Russell Wilson,Jimmy Garoppolo,152.43695401529232,135.02877449578273,0.46175956880096436,18.10988579528336,0.505803055685553,0.494196944314447,36.56830068479544,30.540970192055763,140.8500886822426,124.57999406541006,1527.09276911751,1544.19722471878,11,10,71,68,70
2022-09-26,2022,0,,NYG,DAL,1409.26000541879,1543.12691207908,0.40217042462391367,0.5978295753760863,1393.04188572429,1559.34503177358,1446.22335455338,1545.73468878877,Daniel Jones,Cooper Rush,120.88480409840142,31.394614011313443,5.020053735718559,-152.4014254677614,0.655994024270169,0.344005975729831,74.29974373808183,193.1290211354572,116.22629806236947,47.56805472372782,1417.47608762271,1574.48195571944,16,23,14,82,48
2022-09-29,2022,0,,CIN,MIA,1546.31258420313,1590.53852868486,0.5298606921162158,0.4701393078837842,1570.20464767434,1566.64646521365,1534.67822012609,1572.81793497571,Joe Burrow,Tua Tagovailoa,157.18659074949005,178.86256846976497,-4.143746585034863,18.359851070668476,0.488205435624,0.511794564376,231.30063726245285,-6.11871811684089,164.59799540078635,160.36443981110438,1561.03095347211,1546.46520162969,27,15,77,73,75
2022-10-02,2022,1,,NO,MIN,1500.40036913736,1525.91485452282,0.46334756829545903,0.5366524317045409,1487.70092839369,1538.61429526649,1474.93772829893,1540.8585340472,Andy Dalton,Kirk Cousins,87.91653929998269,179.51687954737085,-49.167334572356886,-3.6778612871566563,0.344946151995755,0.655053848004245,170.36768696451833,138.25285750089395,96.16165406643626,175.39047734272316,1465.83477326384,1549.96148908229,25,28,37,68,53
2022-10-02,2022,0,,ATL,CLE,1448.24312859452,1521.06421908406,0.48874644683202256,0.5112535531679774,1462.46865929848,1506.8386883801,1390.4504662998,1517.14919402756,Marcus Mariota,Jacoby Brissett,122.86831233091107,133.0879604947289,-5.825657491584154,-58.41278948672574,0.46664792382573,0.53335207617427,-44.35138240624113,106.05148517734847,106.14634285719586,130.38431296299086,1405.39579811888,1502.20386220848,23,20,13,49,31
2022-10-02,2022,0,,DAL,WSH,1559.34503177358,1424.45684749266,0.7596294182073948,0.24037058179260518,1571.56382839022,1412.23805087602,1574.48195571944,1443.67491608608,Cooper Rush,Carson Wentz,47.56805472372788,118.54092664077079,-136.69463383816614,-6.913602448466676,0.577848737577422,0.422151262422578,158.95869545646187,38.541047566802874,58.70711879700128,110.54093873337399,1597.32471581139,1420.83215599413,25,10,19,81,50
2022-10-02,2022,0,,NYG,CHI,1393.04188572429,1465.50336786899,0.48926371454723,0.51073628545277,1415.5623119932,1442.98294160008,1417.47608762271,1436.78534523802,Daniel Jones,Justin Fields,116.22629806236932,70.23285592384016,2.439798030916624,-21.649199464079885,0.580295893716159,0.419704106283841,245.21044087276007,-11.59113890569074,129.12471234340842,62.05045644088707,1435.45969721141,1418.80173564932,20,12,12,65,39
2022-10-02,2022,0,,IND,TEN,1511.86775314706,1532.46055860042,0.5635613439413492,0.43643865605865084,1487.94705432856,1556.38125741892,1515.89541182902,1509.22945689149,Matt Ryan,Ryan Tannehill,94.14888027605708,135.57864517963225,-17.339038451533927,-8.143743951040495,0.567443250108719,0.432556749891281,213.744430719074,121.8680645158571,106.10843532035877,134.20758711325476,1491.77923800611,1533.3456307144,17,24,49,88,69
2022-10-02,2022,0,,DET,SEA,1409.58591275454,1484.10779775186,0.48630033573111325,0.5136996642688867,1396.16090964245,1497.53280086395,1418.94394578751,1401.23586040927,Jared Goff,Geno Smith,159.03494997373696,145.68687458518048,3.4780657949201914,-2.5380768054721328,0.613331731507159,0.386668268492841,349.10633841808226,433.3583324226222,178.0420888181715,174.45402036892463,1401.29588656166,1418.88391963512,45,48,10,42,26
2022-10-02,2022,0,,PHI,JAX,1566.14042957857,1443.85084413156,0.7461390913011219,0.2538609086988781,1576.421015132,1433.57025857813,1591.15587871754,1484.10533193972,Jalen Hurts,Trevor Lawrence,197.53229753953178,147.10326774722367,19.2547730436643,15.988050162396842,0.717615707452057,0.282384292547943,103.62259577944691,11.0626392407553,188.1413273635233,133.49920489657686,1602.71391322629,1472.54729743097,29,21,74,50,62
2022-10-02,2022,0,,BAL,BUF,1544.04548714755,1657.84294742255,0.4302329562233536,0.5697670437766464,1532.37573947329,1669.51269509681,1570.85397843717,1649.52219950431,Lamar Jackson,Josh Allen,223.817654965638,291.0043044223177,26.49788746687566,22.55904671096931,0.46410703405451,0.53589296594549,167.29259394532278,198.4276065899952,218.1651488636065,281.74663463908547,1558.13068923305,1662.24548870843,20,23,96,79,88
2022-10-02,2022,0,,PIT,NYJ,1490.55094401394,1337.88471709035,0.7778165873167298,0.22218341268327024,1462.76486129255,1365.67079981174,1451.3240494489,1355.88147226792,Mitch Trubisky,Zach Wilson,155.30466788391323,81.88119576250614,-3.0785556228022113,-13.025200587076256,0.709732046049233,0.290267953950767,-125.77052806688272,75.51645226127046,127.19714828883366,81.24472141238257,1426.74327437806,1380.46224733876,20,24,6,13,10
2022-10-02,2022,0,,HOU,LAC,1389.47271605828,1457.57946132553,0.49552915332200037,0.5044708466779997,1365.74168770896,1481.31048967485,1358.87388694648,1492.9875242115,Davis Mills,Justin Herbert,117.15890539871694,220.3003808398935,-15.27568311780456,5.553064132928384,0.358929498621981,0.641070501378019,83.83294459936604,293.74287034746055,113.82630931878187,227.64462979065024,1342.41422256305,1509.44718859493,24,34,12,30,21
2022-10-02,2022,0,,CAR,ARI,1417.6310179546,1479.56983097462,0.5044052881978697,0.4955947118021303,1393.40709048109,1503.79375844813,1420.17435527919,1472.6974010801,Baker Mayfield,Kyler Murray,84.41538984164022,192.22347392946685,-9.245657257866473,1.8875417347492087,0.488748071072624,0.511251928927376,-12.02815490492154,241.8119750781461,74.77103536698404,197.1823240443348,1396.81804216046,1496.05371419883,16,26,20,53,37
2022-10-02,2022,0,,OAK,DEN,1448.96077796215,1465.83299255026,0.5688218149109188,0.43117818508908123,1468.39218065444,1446.40158985797,1457.6786290031,1527.09276911751,Derek Carr,Russell Wilson,146.38521908954095,140.85008868224247,-4.46961514587951,-5.354761076164184,0.474958505998602,0.525041494001398,141.51021269807796,234.84696710631385,145.89771845039465,150.24977652464963,1482.0506117749,1502.72078634571,32,23,41,68,55
2022-10-02,2022,0,,GB,NE,1592.55956745513,1501.67018926106,0.7104090243023244,0.28959097569767556,1600.05744361846,1494.17231309773,1590.65270547902,1484.20615551106,Aaron Rodgers,Brian Hoyer,223.29643082370592,121.36070671064769,-1.2036710353377613,-19.354404097993147,0.73443898129172,0.26556101870828,169.66099503803537,21.735140341515148,217.93288724513883,111.39815007373443,1597.46816381845,1477.39069717163,27,24,61,45,53
2022-10-02,2022,0,,TB,KC,1645.31387862427,1641.44654607686,0.5978301648134003,0.40216983518659966,1615.71670595005,1671.04371875108,1629.01012363888,1606.31697491772,Tom Brady,Patrick Mahomes,213.0956475262926,263.70312365557015,-3.561282646570781,9.224680523660545,0.58927059008091,0.41072940991909,402.20985336029514,223.68342042394985,232.00706810969282,259.7011533324081,1599.92084863779,1635.40624991881,31,41,94,45,70
2022-10-03,2022,0,,SF,LAR,1562.40737553479,1604.31028980685,0.5331904983980441,0.4668095016019559,1588.02385166035,1578.69381368129,1544.19722471878,1577.18487293519,Jimmy Garoppolo,Matthew Stafford,124.57999406541018,173.74170820703927,11.980001290332906,-7.035814343604094,0.551746943497436,0.448253056502564,207.12877919188915,-6.5438233338192,132.83487257805805,155.71315505295343,1568.6525112527,1552.72958640127,24,9,78,94,86
2022-10-06,2022,0,,DEN,IND,1446.40158985797,1487.94705432856,0.5337026081361624,0.46629739186383756,1431.44475443088,1502.90388975565,1502.72078634571,1491.77923800611,Russell Wilson,Matt Ryan,150.24977652464966,106.10843532035868,-0.3871791011523811,-10.492309006806321,0.604539097850764,0.395460902149236,-32.429047694310626,-59.96900692120107,131.9818941027536,89.5006910962027,1485.37820360013,1509.12182075169,9,12,44,79,62
2022-10-09,2022,1,,GB,NYG,1600.05744361846,1415.5623119932,0.7430800747214923,0.2569199252785077,1570.99151856345,1444.62823704821,1597.46816381845,1435.45969721141,Aaron Rodgers,Daniel Jones,217.9328872451389,129.12471234340853,-3.8252592728542325,8.767015269890459,0.702683373007178,0.297316626992822,190.91470905521882,227.1946743400643,215.2310694261469,138.9317085430741,1570.45256873103,1462.47529229883,22,27,56,67,62
2022-10-09,2022,0,,WSH,TEN,1412.23805087602,1556.38125741892,0.38803372496251953,0.6119662750374805,1400.18145337725,1568.43785491769,1420.83215599413,1533.3456307144,Carson Wentz,Ryan Tannehill,110.54093873337403,134.20758711325482,-10.56791627974172,-8.422085786677181,0.409368694919429,0.590631305080571,261.76350019874536,-9.07294830073632,125.66319487991119,119.8795335718557,1408.02577677585,1546.15200993268,17,21,31,46,39
2022-10-09,2022,0,,CLE,LAC,1506.8386883801,1481.31048967485,0.6274101372294277,0.37258986277057227,1492.46146778849,1495.68771026646,1502.20386220848,1509.44718859493,Jacoby Brissett,Justin Herbert,130.3843129629909,227.64462979065027,-56.84397377825859,8.947535401660355,0.476792547476601,0.523207452523399,190.4875883850228,202.3624777296959,136.39464050519408,225.11641458455486,1491.80394626745,1519.84710453596,28,30,38,88,63
2022-10-09,2022,0,,BUF,PIT,1669.51269509681,1462.76486129255,0.8269704076828105,0.1730295923171895,1680.55039552486,1451.7271608645,1662.24548870843,1426.74327437806,Josh Allen,Kenny Pickett,281.74663463908564,104.28659999999999,16.80225948380492,-39.888935928035686,0.877202160480171,0.122797839519829,481.2369206638323,185.95425526368172,301.6956632415602,112.45336552636817,1669.86368444295,1419.12507864354,38,3,58,10,34
2022-10-09,2022,0,,NYJ,MIA,1365.67079981174,1566.64646521365,0.3137299014969036,0.6862700985030964,1412.16450836946,1520.15275665593,1380.46224733876,1546.46520162969,Zach Wilson,Teddy Bridgewater,81.24472141238243,129.30248800640985,-12.692177732784337,-22.86915761688988,0.356228053895643,0.643771946104357,121.36189641495513,-38.00571064791369,85.25643891263971,112.5716681409775,1423.38686636664,1503.54058260181,40,17,20,50,35
2022-10-09,2022,0,,MIN,CHI,1538.61429526649,1442.98294160008,0.7159923688953239,0.2840076311046761,1549.62211301646,1431.97512385011,1549.96148908229,1418.80173564932,Kirk Cousins,Justin Fields,175.39047734272316,62.050456440886975,-5.557169325122573,-24.657939232352586,0.760126597412011,0.239873402587989,297.9262098447472,202.73559363191737,187.64405059292557,76.11897015999001,1559.10482823785,1409.65839649376,29,22,31,51,41
2022-10-09,2022,0,,NO,SEA,1487.70092839369,1497.53280086395,0.5787327259095922,0.42126727409040776,1504.79235009516,1480.44137916248,1465.83477326384,1418.88391963512,Andy Dalton,Geno Smith,96.16165406643609,174.45402036892466,-42.58641046051261,11.97239992667367,0.570718359062976,0.429281640937024,72.56731251280202,256.3765056414741,93.80221991107268,182.6462688961796,1483.29545323506,1401.4232396639,39,32,15,48,32
2022-10-09,2022,0,,TB,ATL,1615.71670595005,1462.46865929848,0.7783948546485123,0.22160514535148768,1623.56281705882,1454.62254818971,1599.92084863779,1405.39579811888,Tom Brady,Marcus Mariota,232.00706810969294,106.14634285719583,6.072491777457956,-13.895359353862471,0.821200154313861,0.178799845686139,262.745201934106,92.0155404183774,235.08088149213424,104.73326261331398,1606.13175730623,1399.18488945044,21,15,44,45,45
2022-10-09,2022,0,,JAX,HOU,1433.57025857813,1365.74168770896,0.6823565334234276,0.3176434665765724,1403.3683594608,1395.94358682629,1472.54729743097,1342.41422256305,Trevor Lawrence,Davis Mills,133.49920489657686,113.82630931878195,8.386616228953706,-16.178197001881855,0.76669435753846,0.23330564246154,94.88201784571257,71.34775700609964,129.6374861914904,109.57845408751372,1437.35526284553,1377.60625714849,6,13,7,22,15
2022-10-09,2022,0,,NE,DET,1494.17231309773,1396.16090964245,0.7187700992562438,0.2812299007437562,1511.98298029505,1378.35024244513,1477.39069717163,1401.29588656166,Bailey Zappe,Jared Goff,51.236459999999994,178.04208881817135,-83.52965228528447,12.807731927391378,0.544278571168785,0.455721428831215,108.38670681711642,33.76423630175871,56.95148468171164,163.61430356653008,1507.96199270878,1370.72459102451,29,0,8,33,21
2022-10-09,2022,0,,CAR,SF,1393.40709048109,1588.02385166035,0.32166425369464996,0.6783357463053501,1374.35787919258,1607.07306294886,1396.81804216046,1568.6525112527,Baker Mayfield,Jimmy Garoppolo,74.77103536698411,132.83487257805797,-13.605551632301315,15.508440482139989,0.304993655633397,0.695006344366603,-8.89034115150324,175.56766733986393,66.40489771513538,137.10815205423853,1378.85985391018,1586.61069950298,15,37,36,40,38
2022-10-09,2022,0,,LAR,DAL,1578.69381368129,1571.56382839022,0.6023373343353021,0.3976626656646979,1546.74710222244,1603.51053984907,1552.72958640127,1597.32471581139,Matthew Stafford,Cooper Rush,155.71315505295328,58.70711879700129,-15.698300203466752,-124.29037010962108,0.663044227022527,0.336955772977473,133.27028620408768,-14.461368752080139,153.46886816806673,51.39027004209315,1516.79544453989,1633.25885767277,10,22,51,71,61
2022-10-09,2022,0,,ARI,PHI,1503.79375844813,1576.421015132,0.4890252582664149,0.510974741733585,1490.28194386947,1589.93282971066,1496.05371419883,1602.71391322629,Kyler Murray,Jalen Hurts,197.18232404433485,188.14132736352326,4.272589705445811,13.596549303476692,0.415962785175685,0.584037214824315,242.13579829434235,307.3195438559496,201.6776714693356,200.0591490127659,1484.82176467452,1613.9458627506,17,20,75,82,79
2022-10-09,2022,0,,BAL,CIN,1532.37573947329,1570.20464767434,0.5390228225725583,0.4609771774274417,1542.38087492355,1560.19951222408,1558.13068923305,1561.03095347211,Lamar Jackson,Joe Burrow,218.16514886360665,164.59799540078632,22.34674004251621,-0.23085693013513264,0.599463560474893,0.400536439525107,156.51350880462627,143.26251727612043,211.99998485770863,162.46444758831973,1566.65980607117,1552.50183663399,19,17,81,96,89
2022-10-10,2022,0,,KC,OAK,1671.04371875108,1468.39218065444,0.823570254634364,0.17642974536563605,1673.22426906861,1466.21163033691,1635.40624991881,1482.0506117749,Patrick Mahomes,Derek Carr,259.701153332408,145.89771845039456,6.762461335896419,-4.489884708158853,0.778037212554686,0.221962787445314,303.2609097666231,149.08565170790575,264.0571289758295,146.21651177614567,1638.20601835742,1479.25084333629,30,29,75,52,64
2022-10-13,2022,0,,CHI,WSH,1431.97512385011,1400.18145337725,0.6358019162901458,0.3641980837098542,1408.14247373148,1424.01410349588,1409.65839649376,1408.02577677585,Justin Fields,Carson Wentz,76.11897015999011,125.66319487991115,-16.390785411183483,-2.478392392486228,0.555614036161055,0.444385963838945,67.90699012992543,-38.09380963186524,75.29777215698365,109.28749442873351,1389.39036038077,1428.29381288884,7,12,7,17,12
2022-10-16,2022,0,,CLE,NE,1492.46146778849,1511.98298029505,0.5650775449260808,0.43492245507391925,1455.7863818311,1548.65806625244,1491.80394626745,1507.96199270878,Jacoby Brissett,Bailey Zappe,136.39464050519405,56.95148468171151,-50.99661131824414,-76.49565733016459,0.585744748335705,0.414255251664295,-52.437684497704105,262.5006448588362,117.51140800490423,77.50640069942399,1453.52638099355,1546.23955798268,15,38,18,75,47
2022-10-16,2022,0,,NO,CIN,1504.79235009516,1560.19951222408,0.5138016964340508,0.4861983035659492,1488.18128091291,1576.81058140633,1483.29545323506,1552.50183663399,Andy Dalton,Joe Burrow,93.80221991107275,162.46444758831967,-41.63680701516864,-1.2860879898616076,0.417227779479242,0.582772220520758,99.48412438001994,404.5639713750261,94.37041035796747,186.67439996699034,1470.21067043133,1565.58661943772,26,30,46,65,56
2022-10-16,2022,0,,MIA,MIN,1520.15275665593,1549.62211301646,0.5509551967558517,0.4490448032441483,1495.5438699495,1574.23099972289,1503.54058260181,1559.10482823785,Skylar Thompson,Kirk Cousins,1.3602600000000198,187.64405059292574,-141.302517809739,0.8474757662349091,0.305053851672741,0.694946148327259,21.62510496594657,99.09009260983238,3.3867444965946745,178.7886547946164,1490.95347876226,1571.6919320774,16,24,25,54,40
2022-10-16,2022,0,,IND,JAX,1502.90388975565,1403.3683594608,0.7205401786209686,0.27945982137903136,1513.71755510001,1392.55469411644,1509.12182075169,1437.35526284553,Matt Ryan,Trevor Lawrence,89.50069109620253,129.63748619149052,-18.271565668544095,6.036426064962808,0.638658630986731,0.361341369013269,440.6466601714188,239.42869570603006,124.61528800372416,140.61660714294447,1523.50282974883,1422.97425384839,34,27,31,83,57
2022-10-16,2022,0,,ATL,SF,1454.62254818971,1607.07306294886,0.3767406677205822,0.6232593322794178,1489.77626797901,1571.91934315956,1399.18488945044,1586.61069950298,Marcus Mariota,Jimmy Garoppolo,104.73326261331384,137.10815205423864,-13.907131508110508,16.869658196123364,0.283597085232963,0.716402914767037,320.53046692169676,197.76423285302573,126.31298304415213,143.17376013411732,1441.04937140159,1544.74621755183,28,14,41,39,40
2022-10-16,2022,0,,PIT,TB,1451.7271608645,1623.56281705882,0.35092050680625303,0.6490794931937469,1466.71681766084,1608.57316026248,1419.12507864354,1606.13175730623,Kenny Pickett,Tom Brady,112.45336552636824,235.08088149213424,-33.81110636844962,7.3057738798057015,0.266423783399804,0.733576216600196,91.34105441308353,154.53136564626553,110.34213441503977,227.02592990754738,1436.644546034,1588.61228991577,20,18,43,13,28
2022-10-16,2022,0,,NYG,BAL,1444.62823704821,1542.38087492355,0.4530042961094433,0.5469957038905566,1462.50143792194,1524.50767404982,1462.47529229883,1566.65980607117,Daniel Jones,Lamar Jackson,138.93170854307414,211.99998485770863,13.232162606228608,18.146821037441583,0.41487164699654,0.58512835300346,79.63568242793954,177.70526461808274,133.00210593156066,208.57051283374602,1481.83552121727,1547.29957715273,24,20,63,64,64
2022-10-16,2022,0,,GB,NYJ,1570.99151856345,1412.16450836946,0.7838850322217273,0.21611496777827266,1520.54469862846,1462.61132830445,1570.45256873103,1423.38686636664,Aaron Rodgers,Zach Wilson,215.23106942614695,85.25643891263961,-4.984905218707577,-10.051710096016704,0.763747164442916,0.236252835557084,89.2608659001071,4.60123163868621,202.63404907354294,77.19091818524427,1521.79412018748,1472.04531491019,10,27,41,41,41
2022-10-16,2022,0,,SEA,ARI,1480.44137916248,1490.28194386947,0.5787205268959291,0.4212794731040709,1500.15089407129,1470.57242896066,1401.4232396639,1484.82176467452,Geno Smith,Kyler Murray,182.64626889617955,201.6776714693357,15.469904193967405,6.306633932674031,0.469621029374876,0.530378970625124,57.949857678777235,100.91523790278679,170.1766277744393,191.6014281126808,1427.10583813024,1459.13916620818,19,9,25,62,44
2022-10-16,2022,0,,LAR,CAR,1546.74710222244,1374.35787919258,0.7968176840038742,0.2031823159961258,1556.67987286316,1364.42510855186,1516.79544453989,1378.85985391018,Matthew Stafford,P.J. Walker,153.46886816806676,17.086696004258595,-16.035528635736725,-66.42654458748741,0.804271475661248,0.195728524338752,185.56557498849577,3.7179907011489,156.67853885010967,15.749825473947626,1526.33209676608,1369.32320168399,24,10,7,16,12
2022-10-16,2022,0,,KC,BUF,1673.22426906861,1680.55039552486,0.5822453207370646,0.4177546792629354,1653.97796571348,1699.79669887999,1638.20601835742,1669.86368444295,Patrick Mahomes,Josh Allen,264.05712897582936,301.6956632415604,8.602326090812157,25.93666081085211,0.504490181646801,0.495509818353199,207.9728335161226,313.85766013813566,258.4486994298587,302.9118629312179,1621.94404207969,1686.12566072068,20,24,99,99,99
2022-10-16,2022,0,,PHI,DAL,1589.93282971066,1603.51053984907,0.5734669607702788,0.4265330392297212,1609.12676741741,1584.31660214232,1613.9458627506,1633.25885767277,Jalen Hurts,Cooper Rush,200.0591490127659,51.39027004209318,18.875632662924165,-121.73427598159411,0.732767101266187,0.267232898733813,136.80306290950827,-35.9847006047496,193.73354040244016,42.652772977408894,1625.34448973518,1621.86023068819,26,17,81,93,87
2022-10-17,2022,0,,LAC,DEN,1495.68771026646,1431.44475443088,0.6778660520713167,0.32213394792868333,1504.12357947215,1423.00888522519,1519.84710453596,1485.37820360013,Justin Herbert,Russell Wilson,225.1164145845549,131.9818941027536,7.2360510285297375,-9.50176135704279,0.644344735841221,0.355655264158779,124.825734440484,50.909499981396536,215.08734657014784,123.8746546906179,1529.26597895458,1475.95932918151,19,16,49,84,67
2022-10-20,2022,0,,ARI,NO,1470.57242896066,1488.18128091291,0.5677814910150898,0.4322185089849102,1489.16552958226,1469.58818029131,1459.13916620818,1470.21067043133,Kyler Murray,Andy Dalton,191.60142811268085,94.37041035796736,0.9531805577127925,-39.270871440963035,0.617404746875096,0.382595253124904,187.6220638218993,272.4886558104635,191.20349168360272,112.18223490321698,1475.33993602805,1454.00990061146,42,34,21,41,31
2022-10-23,2022,0,,JAX,NYG,1392.55469411644,1462.50143792194,0.492881544413353,0.507118455586647,,,,,Trevor Lawrence,Daniel Jones,140.61660714294433,133.0021059315607,11.224165237441532,9.60575317016041,0.49251122124775865,0.5074887787522413,,,"","",,,,,29,53,41
2022-10-23,2022,0,,BAL,CLE,1524.50767404982,1455.7863818311,0.6834693283871707,0.31653067161282933,,,,,Lamar Jackson,Jacoby Brissett,208.57051283374614,117.51140800490421,15.524743973588187,-57.888397002477014,0.7772515520454857,0.22274844795451432,,,"","",,,,,35,51,43
2022-10-23,2022,0,,CAR,TB,1364.42510855186,1608.57316026248,0.2628400774370888,0.7371599225629112,,,,,P.J. Walker,Tom Brady,15.74982547394764,227.02592990754732,-63.773652623268575,2.9130093935220414,0.20517898768726603,0.7948210123127339,,,"","",,,,,18,20,19
2022-10-23,2022,0,,DAL,DET,1584.31660214232,1378.35024244513,0.8263257648212061,0.17367423517879388,,,,,Dak Prescott,Jared Goff,174.23869398919962,163.61430356653008,11.569610296934238,4.953452705201214,0.8379964062431176,0.16200359375688245,,,"","",,,,,45,10,28
2022-10-23,2022,0,,WSH,GB,1424.01410349588,1520.54469862846,0.45474798957007423,0.5452520104299258,,,,,Taylor Heinicke,Aaron Rodgers,94.31476612965,202.63404907354288,-25.51505129753414,-11.034170134074108,0.41936551439705577,0.5806344856029442,,,"","",,,,,25,58,42
2022-10-23,2022,0,,CIN,ATL,1576.81058140633,1489.77626797901,0.705822374692614,0.294177625307386,,,,,Joe Burrow,Marcus Mariota,186.67439996699042,126.31298304415229,10.883192598966925,-2.4219147172855746,0.7469101670275385,0.25308983297246146,,,"","",,,,,51,54,53
2022-10-23,2022,0,,TEN,IND,1568.43785491769,1513.71755510001,0.6657812499565898,0.3342187500434102,,,,,Ryan Tannehill,Matt Ryan,119.87953357185563,124.61528800372442,-15.165008268042929,0.19931106864403603,0.6158177146034014,0.3841822853965986,,,"","",,,,,62,97,80
2022-10-23,2022,0,,OAK,HOU,1466.21163033691,1395.94358682629,0.6853924169041702,0.3146075830958298,,,,,Derek Carr,Davis Mills,146.2165117761457,109.57845408751362,-4.1059938098754145,-17.493214767422135,0.7252527685333595,0.2747472314666405,,,"","",,,,,12,14,13
2022-10-23,2022,0,,DEN,NYJ,1423.00888522519,1462.61132830445,0.5364850582297375,0.46351494177026253,,,,,Brett Rypien,Zach Wilson,5.5743993100684675,77.19091818524427,-131.38054837580788,-13.58188495491366,0.4163154499302388,0.5836845500697612,,,"","",,,,,7,70,39
2022-10-23,2022,0,,SF,KC,1571.91934315956,1653.97796571348,0.4754703765963593,0.5245296234036407,,,,,Jimmy Garoppolo,Patrick Mahomes,143.17376013411734,258.4486994298587,19.05897932625655,5.367995013286254,0.48735352518441666,0.5126464748155833,,,"","",,,,,88,60,74
2022-10-23,2022,0,,LAC,SEA,1504.12357947215,1500.15089407129,0.5979759668326308,0.40202403316736923,,,,,Justin Herbert,Geno Smith,215.0873465701478,170.1766277744392,1.8597144698995605,8.461588423398664,0.7010991555001143,0.29890084449988574,,,"","",,,,,39,54,47
2022-10-23,2022,0,,MIA,PIT,1495.5438699495,1466.71681766084,0.6318384550757838,0.36816154492421616,,,,,Tua Tagovailoa,Kenny Pickett,160.36443981110452,110.34213441503967,23.75354564355531,-33.17616660569145,0.719832874373222,0.28016712562677804,,,"","",,,,,27,45,36
2022-10-24,2022,0,,NE,CHI,1548.65806625244,1408.14247373148,0.7654944750181457,0.23450552498185429,,,,,Mac Jones,Justin Fields,138.2659642206282,75.29777215698374,-1.633852933595846,-15.981845142127595,0.783306347015541,0.21669365298445897,,,"","",,,,,25,19,22
2022-10-27,2022,0,,TB,BAL,1608.57316026248,1524.50767404982,0.7022614286545906,0.2977385713454094,,,,,Tom Brady,Lamar Jackson,227.02592990754732,208.57051283374614,2.9130093935220414,15.524743973588187,0.6142078746432332,0.38579212535676677,,,"","",,,,,83,53,68
2022-10-30,2022,1,,JAX,DEN,1392.55469411644,1423.00888522519,0.4562847970796741,0.5437152029203258,,,,,Trevor Lawrence,Russell Wilson,140.61660714294433,123.87465469061792,11.224165237441532,-13.080292995258402,0.4588187736087214,0.5411812263912785,,,"","",,,,,22,43,33
2022-10-30,2022,0,,NO,OAK,1469.58818029131,1466.21163033691,0.597150723537069,0.402849276462931,,,,,"",Derek Carr,126.76122826215254,146.2165117761457,-13.822422237354399,-4.1059938098754145,0.5284166877985693,0.4715833122014307,,,"","",,,,,27,29,28
2022-10-30,2022,0,,MIN,ARI,1574.23099972289,1489.16552958226,0.7034636268839595,0.29653637311604053,,,,,Kirk Cousins,Kyler Murray,178.78865479461655,191.20349168360286,-3.6225959212314365,0.70655331528839,0.7277859594418667,0.27221404055813325,,,"","",,,,,59,36,48
2022-10-30,2022,0,,NYJ,NE,1462.61132830445,1548.65806625244,0.46974830435793297,0.5302516956420671,,,,,Zach Wilson,Mac Jones,77.19091818524427,138.2659642206282,-13.58188495491366,-1.633852933595846,0.44726313622200453,0.5527368637779955,,,"","",,,,,49,94,72
2022-10-30,2022,0,,PHI,PIT,1609.12676741741,1466.71681766084,0.7674463540118176,0.2325536459881824,,,,,Jalen Hurts,Kenny Pickett,193.73354040244016,110.34213441503967,14.769046724615036,-33.17616660569145,0.8572123322261005,0.1427876677738995,,,"","",,,,,55,13,34
2022-10-30,2022,0,,ATL,CAR,1489.77626797901,1364.42510855186,0.7494628158850133,0.2505371841149867,,,,,Marcus Mariota,"",126.31298304415229,72.05238561723212,-2.4219147172855746,-7.471092479984099,0.6742298099157649,0.32577019008423513,,,"","",,,,,7,35,21
2022-10-30,2022,0,,DAL,CHI,1584.31660214232,1408.14247373148,0.8003222883958466,0.19967771160415337,,,,,Dak Prescott,Justin Fields,174.23869398919962,75.29777215698374,11.569610296934238,-15.981845142127595,0.8576403889172743,0.14235961108272566,,,"","",,,,,44,9,27
2022-10-30,2022,0,,DET,MIA,1378.35024244513,1495.5438699495,0.425447316467223,0.574552683532777,,,,,Jared Goff,Tua Tagovailoa,163.61430356653008,160.36443981110452,4.953452705201214,23.75354564355531,0.3790098503655655,0.6209901496344346,,,"","",,,,,20,41,31
2022-10-30,2022,0,,HOU,TEN,1395.94358682629,1568.43785491769,0.35005743686624996,0.6499425631337501,,,,,Davis Mills,Ryan Tannehill,109.57845408751362,119.87953357185563,-17.493214767422135,-15.165008268042929,0.33449195960961436,0.6655080403903857,,,"","",,,,,20,44,32
2022-10-30,2022,0,,SEA,NYG,1500.15089407129,1462.50143792194,0.643571109029606,0.356428890970394,,,,,Geno Smith,Daniel Jones,170.1766277744392,133.0021059315607,8.461588423398664,9.60575317016041,0.5034493584105074,0.4965506415894926,,,"","",,,,,30,83,57
2022-10-30,2022,0,,LAR,SF,1556.67987286316,1571.91934315956,0.5711254987205303,0.4288745012794697,,,,,Matthew Stafford,Jimmy Garoppolo,156.67853885010953,143.17376013411734,-13.628916862928747,19.05897932625655,0.5344216206245059,0.46557837937549407,,,"","",,,,,68,97,83
2022-10-30,2022,0,,IND,WSH,1513.71755510001,1424.01410349588,0.7090025571905677,0.2909974428094323,,,,,Matt Ryan,Taylor Heinicke,124.61528800372442,94.31476612965,0.19931106864403603,-25.51505129753414,0.7286600345024362,0.2713399654975638,,,"","",,,,,29,42,36
2022-10-30,2022,0,,BUF,GB,1699.79669887999,1520.54469862846,0.8031386257428611,0.1968613742571389,,,,,Josh Allen,Aaron Rodgers,302.91186293121797,202.63404907354288,25.247927615138245,-11.034170134074108,0.830613638968169,0.16938636103183102,,,"","",,,,,91,37,64
2022-10-31,2022,0,,CLE,CIN,1455.7863818311,1576.81058140633,0.4200663033441523,0.5799336966558477,,,,,Jacoby Brissett,Joe Burrow,117.51140800490421,186.67439996699042,-57.888397002477014,10.883192598966925,0.31960303449941285,0.6803969655005871,,,"","",,,,,38,72,55
2022-11-03,2022,0,,HOU,PHI,1395.94358682629,1609.12676741741,0.29880162233292246,0.7011983776670776,,,,,Davis Mills,Jalen Hurts,109.57845408751362,193.73354040244016,-17.493214767422135,14.769046724615036,0.21405841356118027,0.7859415864388197,,,"","",,,,,42,22,32
2022-11-06,2022,0,,CHI,MIA,1408.14247373148,1495.5438699495,0.4678063988337394,0.5321936011662606,,,,,Justin Fields,Tua Tagovailoa,75.29777215698374,160.36443981110452,-15.981845142127595,23.75354564355531,0.37611987599734853,0.6238801240026515,,,"","",,,,,20,39,30
2022-11-06,2022,0,,NYJ,BUF,1462.61132830445,1699.79669887999,0.2706793313668555,0.7293206686331445,,,,,Zach Wilson,Josh Allen,77.19091818524427,302.91186293121797,-13.58188495491366,25.247927615138245,0.236990606744601,0.763009393255399,,,"","",,,,,83,66,75
2022-11-06,2022,0,,JAX,OAK,1392.55469411644,1466.21163033691,0.48754424488854403,0.5124557551114559,,,,,Trevor Lawrence,Derek Carr,140.61660714294433,146.2165117761457,11.224165237441532,-4.1059938098754145,0.522462274225341,0.477537725774659,,,"","",,,,,25,49,37
2022-11-06,2022,0,,NE,IND,1548.65806625244,1513.71755510001,0.639986102848366,0.360013897151634,,,,,Mac Jones,Matt Ryan,138.2659642206282,124.61528800372442,-1.633852933595846,0.19931106864403603,0.6032029319245231,0.3967970680754769,,,"","",,,,,66,88,77
2022-11-06,2022,0,,WSH,MIN,1424.01410349588,1574.23099972289,0.3797645079042364,0.6202354920957636,,,,,Taylor Heinicke,Kirk Cousins,94.31476612965,178.78865479461655,-25.51505129753414,-3.6225959212314365,0.3430710914920622,0.6569289085079377,,,"","",,,,,38,28,33
2022-11-06,2022,0,,CIN,CAR,1576.81058140633,1364.42510855186,0.831564942315215,0.16843505768478495,,,,,Joe Burrow,Baker Mayfield,186.67439996699042,66.40489771513553,10.883192598966925,-13.118580382080687,0.8257614066514082,0.17423859334859182,,,"","",,,,,27,16,22
2022-11-06,2022,0,,DET,GB,1378.35024244513,1520.54469862846,0.3907008915154328,0.6092991084845671,,,,,Jared Goff,Aaron Rodgers,163.61430356653008,202.63404907354288,4.953452705201214,-11.034170134074108,0.37974385961914003,0.62025614038086,,,"","",,,,,19,53,36
2022-11-06,2022,0,,ATL,LAC,1489.77626797901,1504.12357947215,0.5723829757936907,0.4276170242063093,,,,,Marcus Mariota,Justin Herbert,126.31298304415229,215.0873465701478,-2.4219147172855746,1.8597144698995605,0.41302349631550844,0.5869765036844916,,,"","",,,,,40,75,58
2022-11-06,2022,0,,ARI,SEA,1489.16552958226,1500.15089407129,0.5771130371736309,0.42288696282636906,,,,,Kyler Murray,Geno Smith,191.20349168360286,170.1766277744392,0.70655331528839,8.461588423398664,0.6315059858434015,0.36849401415659855,,,"","",,,,,26,64,45
2022-11-06,2022,0,,TB,LAR,1608.57316026248,1556.67987286316,0.6621503906415303,0.33784960935846975,,,,,Tom Brady,Matthew Stafford,227.02592990754732,156.67853885010953,2.9130093935220414,-13.628916862928747,0.6864446121902372,0.3135553878097628,,,"","",,,,,74,61,68
2022-11-06,2022,0,,KC,TEN,1653.97796571348,1568.43785491769,0.7040332644436431,0.2959667355563569,,,,,Patrick Mahomes,Ryan Tannehill,258.4486994298587,119.87953357185563,5.367995013286254,-15.165008268042929,0.7289637237766499,0.27103627622335014,,,"","",,,,,83,51,67
2022-11-07,2022,0,,NO,BAL,1469.58818029131,1524.50767404982,0.5145029452606958,0.48549705473930416,,,,,Jameis Winston,Lamar Jackson,129.96149509704074,208.57051283374614,-10.622155402466207,15.524743973588187,0.4050896163023724,0.5949103836976276,,,"","",,,,,49,46,48
2022-11-10,2022,0,,CAR,ATL,1364.42510855186,1489.77626797901,0.4140108239759639,0.5859891760240361,,,,,Baker Mayfield,Marcus Mariota,66.40489771513553,126.31298304415229,-13.118580382080687,-2.4219147172855746,0.4528803426813408,0.5471196573186592,,,"","",,,,,6,44,25
2022-11-13,2022,1,,TB,SEA,1608.57316026248,1500.15089407129,0.6511569814614974,0.34884301853850264,,,,,Tom Brady,Geno Smith,227.02592990754732,170.1766277744392,2.9130093935220414,8.461588423398664,0.710490133339782,0.28950986666021805,,,"","",,,,,53,54,54
2022-11-13,2022,0,,KC,JAX,1653.97796571348,1392.55469411644,0.8675012105334053,0.13249878946659466,,,,,Patrick Mahomes,Trevor Lawrence,258.4486994298587,140.61660714294433,5.367995013286254,11.224165237441532,0.8043404722244106,0.19565952777558937,,,"","",,,,,61,32,47
2022-11-13,2022,0,,NYG,HOU,1462.50143792194,1395.94358682629,0.6807689574254462,0.3192310425745538,,,,,Daniel Jones,Davis Mills,133.0021059315607,109.57845408751362,9.60575317016041,-17.493214767422135,0.7708114639125466,0.22918853608745338,,,"","",,,,,14,25,20
2022-11-13,2022,0,,PIT,NO,1466.71681766084,1469.58818029131,0.5884693119296488,0.4115306880703512,,,,,Kenny Pickett,Jameis Winston,110.34213441503967,129.96149509704074,-33.17616660569145,-10.622155402466207,0.5536766465931794,0.4463233534068206,,,"","",,,,,14,16,15
2022-11-13,2022,0,,TEN,DEN,1568.43785491769,1423.00888522519,0.7705335776452835,0.22946642235471648,,,,,Ryan Tannehill,Russell Wilson,119.87953357185563,123.87465469061792,-15.165008268042929,-13.080292995258402,0.6345836797387371,0.3654163202612629,,,"","",,,,,47,65,56
2022-11-13,2022,0,,BUF,MIN,1699.79669887999,1574.23099972289,0.7496946364049737,0.2503053635950263,,,,,Josh Allen,Kirk Cousins,302.91186293121797,178.78865479461655,25.247927615138245,-3.6225959212314365,0.7543770106501497,0.24562298934985027,,,"","",,,,,96,37,67
2022-11-13,2022,0,,MIA,CLE,1495.5438699495,1455.7863818311,0.6463498050322314,0.3536501949677686,,,,,Tua Tagovailoa,Jacoby Brissett,160.36443981110452,117.51140800490421,23.75354564355531,-57.888397002477014,0.6998442131587336,0.3001557868412664,,,"","",,,,,24,61,43
2022-11-13,2022,0,,CHI,DET,1408.14247373148,1378.35024244513,0.6331299387468423,0.3668700612531577,,,,,Justin Fields,Jared Goff,75.29777215698374,163.61430356653008,-15.981845142127595,4.953452705201214,0.5677317952006672,0.4322682047993328,,,"","",,,,,3,9,6
2022-11-13,2022,0,,OAK,IND,1466.21163033691,1513.71755510001,0.5251547431568424,0.4748452568431576,,,,,Derek Carr,Matt Ryan,146.2165117761457,124.61528800372442,-4.1059938098754145,0.19931106864403603,0.5093623946768906,0.4906376053231094,,,"","",,,,,48,75,62
2022-11-13,2022,0,,LAR,ARI,1556.67987286316,1489.16552958226,0.6819643452894365,0.3180356547105635,,,,,Matthew Stafford,Kyler Murray,156.67853885010953,191.20349168360286,-13.628916862928747,0.70655331528839,0.6222949855785297,0.3777050144214703,,,"","",,,,,46,83,65
2022-11-13,2022,0,,GB,DAL,1520.54469862846,1584.31660214232,0.5017673655528557,0.4982326344471443,,,,,Aaron Rodgers,Dak Prescott,202.63404907354288,174.23869398919962,-11.034170134074108,11.569610296934238,0.36631892222771184,0.6336810777722881,,,"","",,,,,81,65,73
2022-11-13,2022,0,,SF,LAC,1571.91934315956,1504.12357947215,0.6823155987944142,0.31768440120558583,,,,,Jimmy Garoppolo,Justin Herbert,143.17376013411734,215.0873465701478,19.05897932625655,1.8597144698995605,0.6502617189125934,0.34973828108740657,,,"","",,,,,72,63,68
2022-11-14,2022,0,,PHI,WSH,1609.12676741741,1424.01410349588,0.8084181382604375,0.1915818617395625,,,,,Jalen Hurts,"",193.73354040244016,101.05249386423775,14.769046724615036,-18.777323562946396,0.8334469549313038,0.16655304506869617,,,"","",,,,,57,26,42
2022-11-17,2022,0,,GB,TEN,1520.54469862846,1568.43785491769,0.5245988517323608,0.47540114826763924,,,,,Aaron Rodgers,Ryan Tannehill,202.63404907354288,119.87953357185563,-11.034170134074108,-15.165008268042929,0.5441704476540404,0.45582955234595957,,,"","",,,,,59,80,70
2022-11-20,2022,0,,NYG,DET,1462.50143792194,1378.35024244513,0.7023645797950206,0.29763542020497935,,,,,Daniel Jones,Jared Goff,133.0021059315607,163.61430356653008,9.60575317016041,4.953452705201214,0.7226317685739944,0.27736823142600564,,,"","",,,,,17,40,29
2022-11-20,2022,0,,HOU,WSH,1395.94358682629,1424.01410349588,0.552946553631516,0.447053446368484,,,,,Davis Mills,"",109.57845408751362,107.93994888181592,-17.493214767422135,-11.889868545368216,0.4961442171717654,0.5038557828282346,,,"","",,,,,5,11,8
2022-11-20,2022,0,,NO,LAR,1469.58818029131,1556.67987286316,0.46825027582550355,0.5317497241744964,,,,,Jameis Winston,Matthew Stafford,129.96149509704074,156.67853885010953,-10.622155402466207,-13.628916862928747,0.47995861046564137,0.5200413895343586,,,"","",,,,,36,60,48
2022-11-20,2022,0,,IND,PHI,1513.71755510001,1609.12676741741,0.45634903269180177,0.5436509673081982,,,,,Matt Ryan,Jalen Hurts,124.61528800372442,193.73354040244016,0.19931106864403603,14.769046724615036,0.4069806095039997,0.5930193904960003,,,"","",,,,,84,80,82
2022-11-20,2022,0,,NE,NYJ,1548.65806625244,1462.61132830445,0.7046405900437768,0.29535940995622323,,,,,Mac Jones,Zach Wilson,138.2659642206282,77.19091818524427,-1.633852933595846,-13.58188495491366,0.6856832673203279,0.3143167326796721,,,"","",,,,,49,90,70
2022-11-20,2022,0,,BUF,CLE,1699.79669887999,1455.7863818311,0.8555494147017351,0.14445058529826493,,,,,Josh Allen,Jacoby Brissett,302.91186293121797,117.51140800490421,25.247927615138245,-57.888397002477014,0.8910703993630783,0.1089296006369217,,,"","",,,,,68,16,42
2022-11-20,2022,0,,ATL,CHI,1489.77626797901,1408.14247373148,0.6993263320556552,0.3006736679443448,,,,,Marcus Mariota,Justin Fields,126.31298304415229,75.29777215698374,-2.4219147172855746,-15.981845142127595,0.661316935675792,0.338683064324208,,,"","",,,,,9,41,25
2022-11-20,2022,0,,BAL,CAR,1524.50767404982,1364.42510855186,0.7851069351502256,0.21489306484977444,,,,,Lamar Jackson,Baker Mayfield,208.57051283374614,66.40489771513553,15.524743973588187,-13.118580382080687,0.8350586900193413,0.1649413099806587,,,"","",,,,,24,14,19
2022-11-20,2022,0,,DEN,OAK,1423.00888522519,1466.21163033691,0.5313276802310125,0.4686723197689875,,,,,Russell Wilson,Derek Carr,123.87465469061792,146.2165117761457,-13.080292995258402,-4.1059938098754145,0.5556749353564358,0.44432506464356425,,,"","",,,,,32,50,41
2022-11-20,2022,0,,MIN,DAL,1574.23099972289,1584.31660214232,0.5783765922180347,0.4216234077819653,,,,,Kirk Cousins,Dak Prescott,178.78865479461655,174.23869398919962,-3.6225959212314365,11.569610296934238,0.4810107468965678,0.5189892531034321,,,"","",,,,,90,49,70
2022-11-20,2022,0,,LAC,KC,1504.12357947215,1653.97796571348,0.38025615726900586,0.6197438427309941,,,,,Justin Herbert,Patrick Mahomes,215.0873465701478,258.4486994298587,1.8597144698995605,5.367995013286254,0.4397981975177152,0.5602018024822848,,,"","",,,,,83,97,90
2022-11-20,2022,0,,PIT,CIN,1466.71681766084,1576.81058140633,0.4354668160598912,0.5645331839401089,,,,,Kenny Pickett,Joe Burrow,110.34213441503967,186.67439996699042,-33.17616660569145,10.883192598966925,0.29866543718613464,0.7013345628138654,,,"","",,,,,40,53,47
2022-11-21,2022,1,,ARI,SF,1489.16552958226,1571.91934315956,0.3831098411726675,0.6168901588273326,,,,,Kyler Murray,Jimmy Garoppolo,191.20349168360286,143.17376013411734,0.70655331528839,19.05897932625655,0.37632418750828456,0.6236758124917154,,,"","",,,,,58,88,73
2022-11-24,2022,0,,DET,BUF,1378.35024244513,1699.79669887999,0.18599836831616548,0.8140016316838345,,,,,Jared Goff,Josh Allen,163.61430356653008,302.91186293121797,4.953452705201214,25.247927615138245,0.16149283361486766,0.8385071663851323,,,"","",,,,,61,18,40
2022-11-24,2022,0,,DAL,NYG,1584.31660214232,1462.50143792194,0.745621452055407,0.254378547944593,,,,,Dak Prescott,Daniel Jones,174.23869398919962,133.0021059315607,11.569610296934238,9.60575317016041,0.7557442054295366,0.24425579457046342,,,"","",,,,,77,43,60
2022-11-24,2022,0,,MIN,NE,1574.23099972289,1548.65806625244,0.6274703334429952,0.3725296665570048,,,,,Kirk Cousins,Mac Jones,178.78865479461655,138.2659642206282,-3.6225959212314365,-1.633852933595846,0.6084985648047484,0.3915014351952516,,,"","",,,,,76,60,68
2022-11-27,2022,0,,TEN,CIN,1568.43785491769,1576.81058140633,0.5807791730984193,0.4192208269015807,,,,,Ryan Tannehill,Joe Burrow,119.87953357185563,186.67439996699042,-15.165008268042929,10.883192598966925,0.5059638412271709,0.49403615877282914,,,"","",,,,,74,90,82
2022-11-27,2022,0,,JAX,BAL,1392.55469411644,1524.50767404982,0.4048221740395826,0.5951778259604175,,,,,Trevor Lawrence,Lamar Jackson,140.61660714294433,208.57051283374614,11.224165237441532,15.524743973588187,0.42540697740342603,0.574593022596574,,,"","",,,,,47,68,58
2022-11-27,2022,0,,NYJ,CHI,1462.61132830445,1408.14247373148,0.6654590943871378,0.3345409056128622,,,,,Zach Wilson,Justin Fields,77.19091818524427,75.29777215698374,-13.58188495491366,-15.981845142127595,0.6869909969031964,0.3130090030968036,,,"","",,,,,11,35,23
2022-11-27,2022,0,,MIA,HOU,1495.5438699495,1395.94358682629,0.7206152295919185,0.2793847704080815,,,,,Tua Tagovailoa,Davis Mills,160.36443981110452,109.57845408751362,23.75354564355531,-17.493214767422135,0.7918643237031542,0.20813567629684582,,,"","",,,,,17,31,24
2022-11-27,2022,0,,CAR,DEN,1364.42510855186,1423.00888522519,0.5092326380612373,0.4907673619387627,,,,,Baker Mayfield,Russell Wilson,66.40489771513553,123.87465469061792,-13.118580382080687,-13.080292995258402,0.4249273393471515,0.5750726606528485,,,"","",,,,,9,13,11
2022-11-27,2022,0,,CLE,TB,1455.7863818311,1608.57316026248,0.3762862626177095,0.6237137373822905,,,,,Deshaun Watson,Tom Brady,228.79583248633287,227.02592990754732,53.39602747895165,2.9130093935220414,0.4184506332248088,0.5815493667751912,,,"","",,,,,72,42,57
2022-11-27,2022,0,,WSH,ATL,1424.01410349588,1489.77626797901,0.49890315889863585,0.5010968411013641,,,,,Carson Wentz,Marcus Mariota,109.2874944287336,126.31298304415229,-10.542322998450533,-2.4219147172855746,0.543071302830117,0.45692869716988305,,,"","",,,,,16,61,39
2022-11-27,2022,0,,ARI,LAC,1489.16552958226,1504.12357947215,0.5715222541944021,0.42847774580559794,,,,,Kyler Murray,Justin Herbert,191.20349168360286,215.0873465701478,0.70655331528839,1.8597144698995605,0.4928071135255785,0.5071928864744215,,,"","",,,,,50,66,58
2022-11-27,2022,0,,SEA,OAK,1500.15089407129,1466.21163033691,0.6386570683458315,0.36134293165416853,,,,,Geno Smith,Derek Carr,170.1766277744392,146.2165117761457,8.461588423398664,-4.1059938098754145,0.5539067008869195,0.4460932991130805,,,"","",,,,,26,51,39
2022-11-27,2022,0,,SF,NO,1571.91934315956,1469.58818029131,0.7237691588461262,0.27623084115387375,,,,,Jimmy Garoppolo,Jameis Winston,143.17376013411734,129.96149509704074,19.05897932625655,-10.622155402466207,0.7345121742750541,0.2654878257249459,,,"","",,,,,49,49,49
2022-11-27,2022,0,,KC,LAR,1653.97796571348,1556.67987286316,0.7179393392782368,0.28206066072176317,,,,,Patrick Mahomes,Matthew Stafford,258.4486994298587,156.67853885010953,5.367995013286254,-13.628916862928747,0.7254091397060058,0.27459086029399415,,,"","",,,,,80,54,67
2022-11-27,2022,0,,PHI,GB,1609.12676741741,1520.54469862846,0.707668939391655,0.292331060608345,,,,,Jalen Hurts,Aaron Rodgers,193.73354040244016,202.63404907354288,14.769046724615036,-11.034170134074108,0.7391765391229214,0.26082346087707864,,,"","",,,,,82,70,76
2022-11-28,2022,0,,IND,PIT,1513.71755510001,1466.71681766084,0.6558214641023107,0.3441785358976893,,,,,Matt Ryan,Kenny Pickett,124.61528800372442,110.34213441503967,0.19931106864403603,-33.17616660569145,0.7270887542547166,0.27291124574528336,,,"","",,,,,29,48,39
2022-12-01,2022,0,,NE,BUF,1548.65806625244,1699.79669887999,0.3785155280567996,0.6214844719432004,,,,,Mac Jones,Josh Allen,138.2659642206282,302.91186293121797,-1.633852933595846,25.247927615138245,0.33830133476859453,0.6616986652314054,,,"","",,,,,94,85,90
2022-12-04,2022,0,,ATL,PIT,1489.77626797901,1466.71681766084,0.6240820489164802,0.3759179510835198,,,,,Marcus Mariota,Kenny Pickett,126.31298304415229,110.34213441503967,-2.4219147172855746,-33.17616660569145,0.6211949271194113,0.37880507288058873,,,"","",,,,,13,43,28
2022-12-04,2022,0,,BAL,DEN,1524.50767404982,1423.00888522519,0.7228101744684505,0.27718982553154947,,,,,Lamar Jackson,Russell Wilson,208.57051283374614,123.87465469061792,15.524743973588187,-13.080292995258402,0.7089520230109114,0.2910479769890886,,,"","",,,,,54,61,58
2022-12-04,2022,0,,CHI,GB,1408.14247373148,1520.54469862846,0.43220286113555445,0.5677971388644456,,,,,Justin Fields,Aaron Rodgers,75.29777215698374,202.63404907354288,-15.981845142127595,-11.034170134074108,0.3760823133403134,0.6239176866596866,,,"","",,,,,19,50,35
2022-12-04,2022,0,,PHI,TEN,1609.12676741741,1568.43785491769,0.6475744300657683,0.3524255699342317,,,,,Jalen Hurts,Ryan Tannehill,193.73354040244016,119.87953357185563,14.769046724615036,-15.165008268042929,0.7158779159376549,0.28412208406234507,,,"","",,,,,85,60,73
2022-12-04,2022,0,,NYG,WSH,1462.50143792194,1424.01410349588,0.6446767257350238,0.35532327426497623,,,,,Daniel Jones,Carson Wentz,133.0021059315607,109.2874944287336,9.60575317016041,-10.542322998450533,0.6701729899037219,0.32982701009627813,,,"","",,,,,25,62,44
2022-12-04,2022,0,,MIN,NYJ,1574.23099972289,1462.61132830445,0.7343301901301479,0.2656698098698521,,,,,Kirk Cousins,Zach Wilson,178.78865479461655,77.19091818524427,-3.6225959212314365,-13.58188495491366,0.7179740654462028,0.2820259345537972,,,"","",,,,,54,51,53
2022-12-04,2022,0,,DET,JAX,1378.35024244513,1392.55469411644,0.5725842469869628,0.42741575301303725,,,,,Jared Goff,Trevor Lawrence,163.61430356653008,140.61660714294433,4.953452705201214,11.224165237441532,0.4906424694904026,0.5093575305095974,,,"","",,,,,8,23,16
2022-12-04,2022,0,,HOU,CLE,1395.94358682629,1455.7863818311,0.5074212695466515,0.49257873045334855,,,,,Davis Mills,Deshaun Watson,109.57845408751362,228.79583248633287,-17.493214767422135,53.39602747895165,0.3684031484456097,0.6315968515543904,,,"","",,,,,16,15,16
2022-12-04,2022,0,,SF,MIA,1571.91934315956,1495.5438699495,0.6929234875626342,0.3070765124373658,,,,,Jimmy Garoppolo,Tua Tagovailoa,143.17376013411734,160.36443981110452,19.05897932625655,23.75354564355531,0.6507434154542913,0.34925658454570874,,,"","",,,,,68,78,73
2022-12-04,2022,0,,LAR,SEA,1556.67987286316,1500.15089407129,0.6680939892297783,0.33190601077022175,,,,,Matthew Stafford,Geno Smith,156.67853885010953,170.1766277744392,-13.628916862928747,8.461588423398664,0.67841317127983,0.32158682872016997,,,"","",,,,,34,88,61
2022-12-04,2022,0,,CIN,KC,1576.81058140633,1653.97796571348,0.4824968813368681,0.5175031186631319,,,,,Joe Burrow,Patrick Mahomes,186.67439996699042,258.4486994298587,10.883192598966925,5.367995013286254,0.49996532576960884,0.5000346742303912,,,"","",,,,,90,79,85
2022-12-04,2022,0,,OAK,LAC,1466.21163033691,1504.12357947215,0.5389040427711279,0.4610959572288721,,,,,Derek Carr,Justin Herbert,146.2165117761457,215.0873465701478,-4.1059938098754145,1.8597144698995605,0.49082656266592645,0.5091734373340735,,,"","",,,,,50,82,66
2022-12-04,2022,0,,DAL,IND,1584.31660214232,1513.71755510001,0.6858031344802995,0.3141968655197005,,,,,Dak Prescott,Matt Ryan,174.23869398919962,124.61528800372442,11.569610296934238,0.19931106864403603,0.717028765559619,0.28297123444038097,,,"","",,,,,83,48,66
2022-12-05,2022,0,,TB,NO,1608.57316026248,1469.58818029131,0.7639091058648325,0.23609089413516748,,,,,Tom Brady,Jameis Winston,227.02592990754732,129.96149509704074,2.9130093935220414,-10.622155402466207,0.7584091327725911,0.24159086722740886,,,"","",,,,,56,48,52
2022-12-08,2022,0,,LAR,OAK,1556.67987286316,1466.21163033691,0.7099100334466119,0.29008996655338815,,,,,Matthew Stafford,Derek Carr,156.67853885010953,146.2165117761457,-13.628916862928747,-4.1059938098754145,0.6228721211141831,0.3771278788858169,,,"","",,,,,45,63,54
2022-12-11,2022,0,,TEN,JAX,1568.43785491769,1392.55469411644,0.8000544867389116,0.19994551326108845,,,,,Ryan Tannehill,Trevor Lawrence,119.87953357185563,140.61660714294433,-15.165008268042929,11.224165237441532,0.7003398395692136,0.29966016043078636,,,"","",,,,,38,81,60
2022-12-11,2022,0,,NYG,PHI,1462.50143792194,1609.12676741741,0.3846462636549046,0.6153537363450954,,,,,Daniel Jones,Jalen Hurts,133.0021059315607,193.73354040244016,9.60575317016041,14.769046724615036,0.36039530133431125,0.6396046986656887,,,"","",,,,,78,85,82
2022-12-11,2022,0,,PIT,BAL,1466.71681766084,1524.50767404982,0.5103733029499374,0.48962669705006256,,,,,Kenny Pickett,Lamar Jackson,110.34213441503967,208.57051283374614,-33.17616660569145,15.524743973588187,0.3469286668667779,0.6530713331332221,,,"","",,,,,37,58,48
2022-12-11,2022,0,,BUF,NYJ,1699.79669887999,1462.61132830445,0.8506259368646727,0.1493740631353273,,,,,Josh Allen,Zach Wilson,302.91186293121797,77.19091818524427,25.247927615138245,-13.58188495491366,0.8510025542644039,0.14899744573559615,,,"","",,,,,83,49,66
2022-12-11,2022,0,,CIN,CLE,1576.81058140633,1455.7863818311,0.7447568886226564,0.25524311137734357,,,,,Joe Burrow,Deshaun Watson,186.67439996699042,228.79583248633287,10.883192598966925,53.39602747895165,0.6650101394854838,0.3349898605145162,,,"","",,,,,69,76,73
2022-12-11,2022,0,,DET,MIN,1378.35024244513,1574.23099972289,0.3200786894348482,0.6799213105651518,,,,,Jared Goff,Kirk Cousins,163.61430356653008,178.78865479461655,4.953452705201214,-3.6225959212314365,0.3068690452604132,0.6931309547395867,,,"","",,,,,31,30,31
2022-12-11,2022,0,,DAL,HOU,1584.31660214232,1395.94358682629,0.8113080943252943,0.18869190567470573,,,,,Dak Prescott,Davis Mills,174.23869398919962,109.57845408751362,11.569610296934238,-17.493214767422135,0.8651733969096943,0.1348266030903057,,,"","",,,,,40,8,24
2022-12-11,2022,0,,LAC,MIA,1504.12357947215,1495.5438699495,0.6043345383717911,0.3956654616282089,,,,,Justin Herbert,Tua Tagovailoa,215.0873465701478,160.36443981110452,1.8597144698995605,23.75354564355531,0.605514554223462,0.394485445776538,,,"","",,,,,60,94,77
2022-12-11,2022,0,,SF,TB,1571.91934315956,1608.57316026248,0.5407031639937747,0.4592968360062253,,,,,Jimmy Garoppolo,Tom Brady,143.17376013411734,227.02592990754732,19.05897932625655,2.9130093935220414,0.5438281459028994,0.4561718540971006,,,"","",,,,,83,72,78
2022-12-11,2022,0,,SEA,CAR,1500.15089407129,1364.42510855186,0.7605087078004791,0.23949129219952092,,,,,Geno Smith,Baker Mayfield,170.1766277744392,66.40489771513553,8.461588423398664,-13.118580382080687,0.6560447431361789,0.3439552568638211,,,"","",,,,,6,23,15
2022-12-11,2022,0,,DEN,KC,1423.00888522519,1653.97796571348,0.277801174061124,0.7221988259388761,,,,,Russell Wilson,Patrick Mahomes,123.87465469061792,258.4486994298587,-13.080292995258402,5.367995013286254,0.3422390982555223,0.6577609017444777,,,"","",,,,,69,68,69
2022-12-12,2022,0,,ARI,NE,1489.16552958226,1548.65806625244,0.507925213052465,0.49207478694753504,,,,,Kyler Murray,Mac Jones,191.20349168360286,138.2659642206282,0.70655331528839,-1.633852933595846,0.5205594487909753,0.47944055120902473,,,"","",,,,,53,69,61
2022-12-15,2022,0,,SEA,SF,1500.15089407129,1571.91934315956,0.4902606508141032,0.5097393491858968,,,,,Geno Smith,Jimmy Garoppolo,170.1766277744392,143.17376013411734,8.461588423398664,19.05897932625655,0.3912063958847781,0.6087936041152219,,,"","",,,,,47,89,68
2022-12-18,2022,0,,WSH,NYG,1424.01410349588,1462.50143792194,0.5380809045321383,0.4619190954678617,,,,,Carson Wentz,Daniel Jones,109.2874944287336,133.0021059315607,-10.542322998450533,9.60575317016041,0.5011235330161802,0.4988764669838198,,,"","",,,,,25,61,43
2022-12-18,2022,0,,BUF,MIA,1699.79669887999,1495.5438699495,0.8249056255457197,0.17509437445428033,,,,,Josh Allen,Tua Tagovailoa,302.91186293121797,160.36443981110452,25.247927615138245,23.75354564355531,0.8083255352586206,0.1916744647413794,,,"","",,,,,91,59,75
2022-12-18,2022,0,,MIN,IND,1574.23099972289,1513.71755510001,0.6731602591935387,0.3268397408064613,,,,,Kirk Cousins,Matt Ryan,178.78865479461655,124.61528800372442,-3.6225959212314365,0.19931106864403603,0.5995200976737972,0.4004799023262028,,,"","",,,,,71,62,67
2022-12-18,2022,0,,NO,ATL,1469.58818029131,1489.77626797901,0.5641342822601998,0.4358657177398002,,,,,Jameis Winston,Marcus Mariota,129.96149509704074,126.31298304415229,-10.622155402466207,-2.4219147172855746,0.5786907032871155,0.42130929671288453,,,"","",,,,,20,63,42
2022-12-18,2022,0,,CLE,BAL,1455.7863818311,1524.50767404982,0.4946448347864272,0.5053551652135728,,,,,Deshaun Watson,Lamar Jackson,228.79583248633287,208.57051283374614,53.39602747895165,15.524743973588187,0.49138129155931287,0.5086187084406871,,,"","",,,,,66,73,70
2022-12-18,2022,0,,NYJ,DET,1462.61132830445,1378.35024244513,0.7024968027905871,0.2975031972094129,,,,,Zach Wilson,Jared Goff,77.19091818524427,163.61430356653008,-13.58188495491366,4.953452705201214,0.6830270600379239,0.3169729399620761,,,"","",,,,,12,36,24
2022-12-18,2022,0,,CAR,PIT,1364.42510855186,1466.71681766084,0.4465380640041241,0.5534619359958759,,,,,Baker Mayfield,Kenny Pickett,66.40489771513553,110.34213441503967,-13.118580382080687,-33.17616660569145,0.5041306226237138,0.4958693773762862,,,"","",,,,,4,8,6
2022-12-18,2022,0,,CHI,PHI,1408.14247373148,1609.12676741741,0.31371920781893387,0.6862807921810661,,,,,Justin Fields,Jalen Hurts,75.29777215698374,193.73354040244016,-15.981845142127595,14.769046724615036,0.25051750071791357,0.7494824992820864,,,"","",,,,,46,33,40
2022-12-18,2022,0,,HOU,KC,1395.94358682629,1653.97796571348,0.2476481319690208,0.7523518680309792,,,,,Davis Mills,Patrick Mahomes,109.57845408751362,258.4486994298587,-17.493214767422135,5.367995013286254,0.22392393826063944,0.7760760617393605,,,"","",,,,,39,21,30
2022-12-18,2022,0,,JAX,DAL,1392.55469411644,1584.31660214232,0.3252605200323115,0.6747394799676885,,,,,Trevor Lawrence,Dak Prescott,140.61660714294433,174.23869398919962,11.224165237441532,11.569610296934238,0.30041072502722177,0.6995892749727782,,,"","",,,,,62,38,50
2022-12-18,2022,0,,DEN,ARI,1423.00888522519,1489.16552958226,0.4983354611152153,0.5016645388847847,,,,,Russell Wilson,Kyler Murray,123.87465469061792,191.20349168360286,-13.080292995258402,0.70655331528839,0.5542751000984146,0.44572489990158537,,,"","",,,,,33,43,38
2022-12-18,2022,0,,TB,CIN,1608.57316026248,1576.81058140633,0.6357604715857705,0.36423952841422946,,,,,Tom Brady,Joe Burrow,227.02592990754732,186.67439996699042,2.9130093935220414,10.883192598966925,0.5950275360031196,0.40497246399688036,,,"","",,,,,85,66,76
2022-12-18,2022,0,,LAC,TEN,1504.12357947215,1568.43785491769,0.5009868356792555,0.4990131643207445,,,,,Justin Herbert,Ryan Tannehill,215.0873465701478,119.87953357185563,1.8597144698995605,-15.165008268042929,0.579844820103192,0.42015517989680795,,,"","",,,,,65,90,78
2022-12-18,2022,0,,OAK,NE,1466.21163033691,1548.65806625244,0.4749136422843937,0.5250863577156063,,,,,Derek Carr,Mac Jones,146.2165117761457,138.2659642206282,-4.1059938098754145,-1.633852933595846,0.48372556253848803,0.516274437461512,,,"","",,,,,53,83,68
2022-12-19,2022,0,,GB,LAR,1520.54469862846,1556.67987286316,0.5414445141389654,0.45855548586103456,,,,,Aaron Rodgers,Matthew Stafford,202.63404907354288,156.67853885010953,-11.034170134074108,-13.628916862928747,0.6114926248297046,0.38850737517029543,,,"","",,,,,54,93,74
2022-12-22,2022,0,,NYJ,JAX,1462.61132830445,1392.55469411644,0.6851299429250662,0.31487005707493376,,,,,Zach Wilson,Trevor Lawrence,77.19091818524427,140.61660714294433,-13.58188495491366,11.224165237441532,0.6080778369848352,0.3919221630151648,,,"","",,,,,21,77,49
2022-12-24,2022,0,,BAL,ATL,1524.50767404982,1489.77626797901,0.6397087176858247,0.3602912823141753,,,,,Lamar Jackson,Marcus Mariota,208.57051283374614,126.31298304415229,15.524743973588187,-2.4219147172855746,0.7327109966175818,0.26728900338241823,,,"","",,,,,48,65,57
2022-12-24,2022,0,,NE,CIN,1548.65806625244,1576.81058140633,0.5528298686475588,0.4471701313524412,,,,,Mac Jones,Joe Burrow,138.2659642206282,186.67439996699042,-1.633852933595846,10.883192598966925,0.528342190042773,0.47165780995722695,,,"","",,,,,77,93,85
2022-12-24,2022,0,,KC,SEA,1653.97796571348,1500.15089407129,0.7789692747020818,0.22103072529791823,,,,,Patrick Mahomes,Geno Smith,258.4486994298587,170.1766277744392,5.367995013286254,8.461588423398664,0.8051445503172677,0.19485544968273227,,,"","",,,,,62,38,50
2022-12-24,2022,0,,TEN,HOU,1568.43785491769,1395.94358682629,0.796915564971315,0.203084435028685,,,,,Ryan Tannehill,Davis Mills,119.87953357185563,109.57845408751362,-15.165008268042929,-17.493214767422135,0.7823342210953402,0.21766577890465977,,,"","",,,,,20,39,30
2022-12-24,2022,0,,MIN,NYG,1574.23099972289,1462.50143792194,0.73445358144288,0.26554641855712,,,,,Kirk Cousins,Daniel Jones,178.78865479461655,133.0021059315607,-3.6225959212314365,9.60575317016041,0.6780006417979983,0.32199935820200165,,,"","",,,,,63,51,57
2022-12-24,2022,0,,CAR,DET,1364.42510855186,1378.35024244513,0.5729777004936354,0.4270222995063646,,,,,Baker Mayfield,Jared Goff,66.40489771513553,163.61430356653008,-13.118580382080687,4.953452705201214,0.5448212407589116,0.4551787592410884,,,"","",,,,,2,7,5
2022-12-24,2022,0,,CHI,BUF,1408.14247373148,1699.79669887999,0.21337061262030216,0.7866293873796979,,,,,Justin Fields,Josh Allen,75.29777215698374,302.91186293121797,-15.981845142127595,25.247927615138245,0.16046453122122525,0.8395354687787747,,,"","",,,,,61,18,40
2022-12-24,2022,0,,CLE,NO,1455.7863818311,1469.58818029131,0.5731514042922982,0.42684859570770184,,,,,Deshaun Watson,Jameis Winston,228.79583248633287,129.96149509704074,53.39602747895165,-10.622155402466207,0.6608938937003461,0.3391061062996539,,,"","",,,,,35,21,28
2022-12-24,2022,0,,SF,WSH,1571.91934315956,1424.01410349588,0.7730442238202497,0.22695577617975027,,,,,Jimmy Garoppolo,Carson Wentz,143.17376013411734,109.2874944287336,19.05897932625655,-10.542322998450533,0.7644600527932933,0.23553994720670668,,,"","",,,,,42,46,44
2022-12-24,2022,0,,DAL,PHI,1584.31660214232,1609.12676741741,0.5575812216220306,0.4424187783779694,,,,,Dak Prescott,Jalen Hurts,174.23869398919962,193.73354040244016,11.569610296934238,14.769046724615036,0.5675818117758423,0.4324181882241577,,,"","",,,,,96,95,96
2022-12-24,2022,0,,PIT,OAK,1466.71681766084,1466.21163033691,0.5931682001329012,0.40683179986709883,,,,,Kenny Pickett,Derek Carr,110.34213441503967,146.2165117761457,-33.17616660569145,-4.1059938098754145,0.4779723334274655,0.5220276665725345,,,"","",,,,,19,33,26
2022-12-25,2022,0,,MIA,GB,1495.5438699495,1520.54469862846,0.5573104568655893,0.44268954313441067,,,,,Tua Tagovailoa,Aaron Rodgers,160.36443981110452,202.63404907354288,23.75354564355531,-11.034170134074108,0.5827653941319308,0.41723460586806915,,,"","",,,,,55,85,70
2022-12-25,2022,0,,LAR,DEN,1556.67987286316,1423.00888522519,0.7583477118961187,0.24165228810388129,,,,,Matthew Stafford,Russell Wilson,156.67853885010953,123.87465469061792,-13.628916862928747,-13.080292995258402,0.6425187931760145,0.35748120682398554,,,"","",,,,,42,57,50
2022-12-25,2022,0,,ARI,TB,1489.16552958226,1608.57316026248,0.42233494621099,0.57766505378901,,,,,Kyler Murray,Tom Brady,191.20349168360286,227.02592990754732,0.70655331528839,2.9130093935220414,0.4150794978851161,0.5849205021148839,,,"","",,,,,65,58,62
2022-12-26,2022,0,,IND,LAC,1513.71755510001,1504.12357947215,0.6057297736759568,0.3942702263240432,,,,,Matt Ryan,Justin Herbert,124.61528800372442,215.0873465701478,0.19931106864403603,1.8597144698995605,0.5693682685861927,0.4306317314138073,,,"","",,,,,63,90,77
2022-12-29,2022,0,,TEN,DAL,1568.43785491769,1584.31660214232,0.5702238866829269,0.4297761133170731,,,,,Ryan Tannehill,Dak Prescott,119.87953357185563,174.23869398919962,-15.165008268042929,11.569610296934238,0.4268052901971424,0.5731947098028576,,,"","",,,,,84,58,71
2023-01-01,2022,0,,KC,DEN,1653.97796571348,1423.00888522519,0.846021915698915,0.15397808430108495,,,,,Patrick Mahomes,Russell Wilson,258.4486994298587,123.87465469061792,5.367995013286254,-13.080292995258402,0.7755244991338831,0.2244755008661169,,,"","",,,,,69,58,64
2023-01-01,2022,0,,BAL,PIT,1524.50767404982,1466.71681766084,0.6697027584204329,0.3302972415795671,,,,,Lamar Jackson,Kenny Pickett,208.57051283374614,110.34213441503967,15.524743973588187,-33.17616660569145,0.7688956464668628,0.23110435353313719,,,"","",,,,,37,51,44
2023-01-01,2022,0,,NE,MIA,1548.65806625244,1495.5438699495,0.6637208351238858,0.3362791648761142,,,,,Mac Jones,Tua Tagovailoa,138.2659642206282,160.36443981110452,-1.633852933595846,23.75354564355531,0.6178843276548677,0.38211567234513233,,,"","",,,,,64,93,79
2023-01-01,2022,0,,PHI,NO,1609.12676741741,1469.58818029131,0.7644833715246836,0.2355166284753164,,,,,Jalen Hurts,Jameis Winston,193.73354040244016,129.96149509704074,14.769046724615036,-10.622155402466207,0.8080990328933949,0.1919009671066051,,,"","",,,,,67,34,51
2023-01-01,2022,0,,WSH,CLE,1424.01410349588,1455.7863818311,0.5476732768425321,0.4523267231574679,,,,,Carson Wentz,Deshaun Watson,109.2874944287336,228.79583248633287,-10.542322998450533,53.39602747895165,0.4437623487745253,0.5562376512254747,,,"","",,,,,29,24,27
2023-01-01,2022,0,,TB,CAR,1608.57316026248,1364.42510855186,0.8556473729283659,0.1443526270716341,,,,,Tom Brady,Baker Mayfield,227.02592990754732,66.40489771513553,2.9130093935220414,-13.118580382080687,0.8384295411871684,0.1615704588128316,,,"","",,,,,30,19,25
2023-01-01,2022,0,,HOU,JAX,1395.94358682629,1392.55469411644,0.5971678154776574,0.4028321845223426,,,,,Davis Mills,Trevor Lawrence,109.57845408751362,140.61660714294433,-17.493214767422135,11.224165237441532,0.46823198349665496,0.531768016503345,,,"","",,,,,6,27,17
2023-01-01,2022,0,,ATL,ARI,1489.77626797901,1489.16552958226,0.5933148178671773,0.4066851821328227,,,,,Marcus Mariota,Kyler Murray,126.31298304415229,191.20349168360286,-2.4219147172855746,0.70655331528839,0.5253889621542668,0.4746110378457332,,,"","",,,,,27,83,55
2023-01-01,2022,0,,DET,CHI,1378.35024244513,1408.14247373148,0.5504953247400985,0.44950467525990145,,,,,Jared Goff,Justin Fields,163.61430356653008,75.29777215698374,4.953452705201214,-15.981845142127595,0.574132462609857,0.42586753739014305,,,"","",,,,,3,9,6
2023-01-01,2022,0,,NYG,IND,1462.50143792194,1513.71755510001,0.5198262011316205,0.4801737988683795,,,,,Daniel Jones,Matt Ryan,133.0021059315607,124.61528800372442,9.60575317016041,0.19931106864403603,0.5272911011094882,0.4727088988905118,,,"","",,,,,52,84,68
2023-01-01,2022,0,,OAK,SF,1466.21163033691,1571.91934315956,0.4416835029249294,0.5583164970750706,,,,,Derek Carr,Jimmy Garoppolo,146.2165117761457,143.17376013411734,-4.1059938098754145,19.05897932625655,0.4450654637859407,0.5549345362140593,,,"","",,,,,58,63,61
2023-01-01,2022,0,,SEA,NYJ,1500.15089407129,1462.61132830445,0.6434259900381613,0.35657400996183874,,,,,Geno Smith,Zach Wilson,170.1766277744392,77.19091818524427,8.461588423398664,-13.58188495491366,0.5507331565194525,0.44926684348054746,,,"","",,,,,22,75,49
2023-01-01,2022,0,,GB,MIN,1520.54469862846,1574.23099972289,0.516275969043548,0.483724030956452,,,,,Aaron Rodgers,Kirk Cousins,202.63404907354288,178.78865479461655,-11.034170134074108,-3.6225959212314365,0.4890615479974298,0.5109384520025702,,,"","",,,,,68,91,80
2023-01-01,2022,0,,LAC,LAR,1504.12357947215,1556.67987286316,0.5179002799732989,0.4820997200267011,,,,,Justin Herbert,Matthew Stafford,215.0873465701478,156.67853885010953,1.8597144698995605,-13.628916862928747,0.5953824425112229,0.40461755748877715,,,"","",,,,,60,82,71
2023-01-02,2022,0,,CIN,BUF,1576.81058140633,1699.79669887999,0.41731754714394914,0.5826824528560508,,,,,Joe Burrow,Josh Allen,186.67439996699042,302.91186293121797,10.883192598966925,25.247927615138245,0.3805268200582849,0.619473179941715,,,"","",,,,,97,86,92
2023-01-08,2022,0,,CIN,BAL,1576.81058140633,1524.50767404982,0.6626776819908744,0.3373223180091256,,,,,Joe Burrow,Lamar Jackson,186.67439996699042,208.57051283374614,10.883192598966925,15.524743973588187,0.5910984987596266,0.4089015012403734,,,"","",,,,,81,98,90
2023-01-08,2022,0,,GB,DET,1520.54469862846,1378.35024244513,0.7672248889354395,0.2327751110645605,,,,,Aaron Rodgers,Jared Goff,202.63404907354288,163.61430356653008,-11.034170134074108,4.953452705201214,0.7435595472698205,0.25644045273017946,,,"","",,,,,19,44,32
2023-01-08,2022,0,,NO,CAR,1469.58818029131,1364.42510855186,0.7270164129587268,0.27298358704127323,,,,,Jameis Winston,Baker Mayfield,129.96149509704074,66.40489771513553,-10.622155402466207,-13.118580382080687,0.6893395233163198,0.31066047668368024,,,"","",,,,,7,10,9
2023-01-08,2022,0,,PIT,CLE,1466.71681766084,1455.7863818311,0.6075655906266997,0.3924344093733003,,,,,Kenny Pickett,Deshaun Watson,110.34213441503967,228.79583248633287,-33.17616660569145,53.39602747895165,0.422460528722163,0.577539471277837,,,"","",,,,,25,26,26
2023-01-08,2022,0,,PHI,NYG,1609.12676741741,1462.50143792194,0.7717489745445587,0.2282510254554413,,,,,Jalen Hurts,Daniel Jones,193.73354040244016,133.0021059315607,14.769046724615036,9.60575317016041,0.7573129518562812,0.24268704814371878,,,"","",,,,,78,69,74
2023-01-08,2022,0,,OAK,KC,1466.21163033691,1653.97796571348,0.33032846579477776,0.6696715342052222,,,,,Derek Carr,Patrick Mahomes,146.2165117761457,258.4486994298587,-4.1059938098754145,5.367995013286254,0.3614122415909373,0.6385877584090627,,,"","",,,,,72,65,69
2023-01-08,2022,0,,MIA,NYJ,1495.5438699495,1462.61132830445,0.6373186235023721,0.3626813764976279,,,,,Tua Tagovailoa,Zach Wilson,160.36443981110452,77.19091818524427,23.75354564355531,-13.58188495491366,0.6522620351412468,0.3477379648587532,,,"","",,,,,41,94,68
2023-01-08,2022,0,,DEN,LAC,1423.00888522519,1504.12357947215,0.4768257064755978,0.5231742935244021,,,,,Russell Wilson,Justin Herbert,123.87465469061792,215.0873465701478,-13.080292995258402,1.8597144698995605,0.47667771346531435,0.5233222865346856,,,"","",,,,,47,76,62
2023-01-08,2022,0,,BUF,NE,1699.79669887999,1548.65806625244,0.7762931940583352,0.2237068059416648,,,,,Josh Allen,Mac Jones,302.91186293121797,138.2659642206282,25.247927615138245,-1.633852933595846,0.7771462738676219,0.22285372613237808,,,"","",,,,,94,72,83
2023-01-08,2022,0,,ATL,TB,1489.77626797901,1608.57316026248,0.42319289662374143,0.5768071033762585,,,,,Marcus Mariota,Tom Brady,126.31298304415229,227.02592990754732,-2.4219147172855746,2.9130093935220414,0.35654967586251696,0.643450324137483,,,"","",,,,,54,94,74
2023-01-08,2022,0,,CHI,MIN,1408.14247373148,1574.23099972289,0.3584926847775266,0.6415073152224734,,,,,Justin Fields,Kirk Cousins,75.29777215698374,178.78865479461655,-15.981845142127595,-3.6225959212314365,0.3031899875775333,0.6968100124224668,,,"","",,,,,30,26,28
2023-01-08,2022,0,,WSH,DAL,1424.01410349588,1584.31660214232,0.3661880547741115,0.6338119452258886,,,,,Carson Wentz,Dak Prescott,109.2874944287336,174.23869398919962,-10.542322998450533,11.569610296934238,0.2822147496588202,0.7177852503411798,,,"","",,,,,58,30,44
2023-01-08,2022,0,,SF,ARI,1571.91934315956,1489.16552958226,0.7006802652148734,0.29931973478512663,,,,,Jimmy Garoppolo,Kyler Murray,143.17376013411734,191.20349168360286,19.05897932625655,0.70655331528839,0.6899929356745104,0.31000706432548963,,,"","",,,,,58,87,73
2023-01-08,2022,0,,SEA,LAR,1500.15089407129,1556.67987286316,0.5121883644016555,0.4878116355983445,,,,,Geno Smith,Matthew Stafford,170.1766277744392,156.67853885010953,8.461588423398664,-13.628916862928747,0.46466667728741334,0.5353333227125867,,,"","",,,,,34,92,63
2023-01-08,2022,0,,JAX,TEN,1392.55469411644,1568.43785491769,0.3456321077224917,0.6543678922775082,,,,,Trevor Lawrence,Ryan Tannehill,140.61660714294433,119.87953357185563,11.224165237441532,-15.165008268042929,0.4340359811397575,0.5659640188602425,,,"","",,,,,38,85,62
2023-01-08,2022,0,,IND,HOU,1513.71755510001,1395.94358682629,0.7411840026457367,0.2588159973542633,,,,,Matt Ryan,Davis Mills,124.61528800372442,109.57845408751362,0.19931106864403603,-17.493214767422135,0.7759089979503466,0.22409100204965338,,,"","",,,,,19,40,30
